Workbook

Sheet Start here
B2: 127 · START TRACK · FREE
B3: Conversation Tracker
B4: Track the 20 people you message and every conversation you have, with follow-up dates and the facts that matter from each call.
B6: HOW TO USE IT
B7: 1. List 20 people who have the problem. Message 20 to get 10 conversations.
B8: 2. Pick where you found each one. Mix sources: DMs, Reddit, campus, family friends, local businesses.
B9: 3. Log the date you message them. The sheet sets a polite follow-up date three days later.
B10: 4. Update Status as you go. Booked and Interviewed rows count toward your goal of 10.
B11: 5. Right after each call, fill the grey-free columns: how they solve it today, what they pay, pain, and one exact quote.
B12: 6. Ask everyone: who else do you know who deals with this? Log referrals as new rows.
B13: 7. At 10 interviews, move to the Interview Synthesis sheet to make the call.
B15: CELL COLORS
... B28: Template drafted from Eli Christiansen's frameworks. © 127 Group LLC. For your own business use.

Sheet Tracker
A1: Conversation Tracker
A2: Goal: 10 real conversations. Message about 20 people to get there.
A3: # | B3: Name or handle | C3: Where you found them | D3: Has the problem now? | E3: Date messaged | F3: Status | G3: Follow up on | H3: Interview date | I3: How they solve it today | J3: Pays for a fix today? | K3: What it costs them (money, time) | L3: Pain (1-5, your call) | M3: Exact quote worth stealing | N3: Referrals they gave | O3: OK to follow up later?
A4: 1 | G4: =IF(AND(F4="Messaged",ISNUMBER(E4)),E4+3,"")
A5: 2 | G5: =IF(AND(F5="Messaged",ISNUMBER(E5)),E5+3,"")
A6: 3 | G6: =IF(AND(F6="Messaged",ISNUMBER(E6)),E6+3,"")
A7: 4 | G7: =IF(AND(F7="Messaged",ISNUMBER(E7)),E7+3,"")
A8: 5 | G8: =IF(AND(F8="Messaged",ISNUMBER(E8)),E8+3,"")
A9: 6 | G9: =IF(AND(F9="Messaged",ISNUMBER(E9)),E9+3,"")
A10: 7 | G10: =IF(AND(F10="Messaged",ISNUMBER(E10)),E10+3,"")
A11: 8 | G11: =IF(AND(F11="Messaged",ISNUMBER(E11)),E11+3,"")
A12: 9 | G12: =IF(AND(F12="Messaged",ISNUMBER(E12)),E12+3,"")
A13: 10 | G13: =IF(AND(F13="Messaged",ISNUMBER(E13)),E13+3,"")
A14: 11 | G14: =IF(AND(F14="Messaged",ISNUMBER(E14)),E14+3,"")
A15: 12 | G15: =IF(AND(F15="Messaged",ISNUMBER(E15)),E15+3,"")
... A43: 40 | G43: =IF(AND(F43="Messaged",ISNUMBER(E43)),E43+3,"")

Sheet Progress
A1: Your progress
A2: Updates as you log people in the Tracker tab.
A4: TOWARD 10 CONVERSATIONS
A5: People listed | B5: =COUNTA('Tracker'!$B$4:$B$43)
A6: Messaged (any status after To message) | B6: =COUNTIF('Tracker'!$F$4:$F$43,"Messaged")+COUNTIF('Tracker'!$F$4:$F$43,"Booked")+COUNTIF('Tracker'!$F$4:$F$43,"Interviewed")+COUNTIF('Tracker'!$F$4:$F$43,"No reply")+COUNTIF('Tracker'!$F$4:$F$43,"Said no")
A7: Booked or done | B7: =COUNTIF('Tracker'!$F$4:$F$43,"Booked")+COUNTIF('Tracker'!$F$4:$F$43,"Interviewed")
A8: Interviews done (goal 10) | B8: =COUNTIF('Tracker'!$F$4:$F$43,"Interviewed")
A9: Reply-to-booking rate | B9: =IF($B$6=0,"",$B$7/$B$6)
A10: Follow-ups due today or earlier | B10: =COUNTIFS('Tracker'!$G$4:$G$43,"<="&TODAY())
A12: WHAT YOU ARE HEARING
A13: Interviewed people who pay for a fix today | B13: =COUNTIFS('Tracker'!$F$4:$F$43,"Interviewed",'Tracker'!$J$4:$J$43,"Yes")
A14: Share of interviews where they pay today | B14: =IF($B$8=0,"",$B$13/$B$8)
A15: Average pain (1-5) | B15: =IF(COUNT('Tracker'!$L$4:$L$43)=0,"",AVERAGE('Tracker'!$L$4:$L$43))
A16: Next move | B16: =IF($B$8>=10,"10 done. Open the Interview Synthesis sheet and make the call.",IF($B$8>=5,"Halfway. Keep booking, and ask every person for a referral.","Keep messaging. Ask about the past, never pitch."))
