Workbook

Sheet Start here
B2: 127 · GROW TRACK · FREE
B3: 30-Day Content Planner (filled example)
B4: Three pillars, one platform and a posting rhythm you can keep, laid out over 30 dated days, with a tracker that tells you which format hits.
B6: This copy is filled in with a made-up example so you can see what good looks like. Use the blank file for your own business.
B8: HOW TO USE IT
B9: 1. Open Setup. Write your three pillars: one that teaches, one that shows proof, one that shows you.
B10: 2. Pick one main platform, your rhythm (5 or 3 days a week) and your Day 1 date. Every date and pillar fills in.
B11: 3. Block a two-hour batching slot on your calendar. Write it in Setup.
B12: 4. In Calendar, fill week one completely: hook, topic, format, CTA. Weeks two to four get topics only.
B13: 5. 48 hours after each post, log views, saves and shares, comments and DMs.
B14: 6. Open Formats each week. Reuse the format that wins on DMs and comments, not just views.
B15: 7. Day 29: remake your best post a new way. Day 30: plan next month. Keep, cut, test.
... B32: Template drafted from Eli Christiansen's frameworks. © 127 Group LLC. For your own business use.

Sheet Setup
A1: Set up your month
A2: Fill this first. The Calendar tab builds itself from it.
A4: YOUR PLAN
A5: Day 1 date | B5: =DATE(2026,11,2)
A6: Main platform | B6: Instagram
A7: Rhythm | B7: 5 days a week
A8: Pillar 1, Teach: what will you teach? | B8: How to get creases and stains out at home
A9: Pillar 2, Proof: what proof will you show? | B9: Before and after clips of real pairs
A10: Pillar 3, You: what part of your story will you share? | B10: Building this between classes, the wins and the pairs that went wrong
A11: Your weekly two-hour batching slot | B11: Sunday 4 to 6 pm
A12: The format you will test first, and why | B12: Voiceover on a before and after, because results are my strongest proof

Sheet Calendar
A1: 30-Day Content Planner
A2: Week 1 in full. Weeks 2 to 4: topics only, then sharpen as you learn what hits.
A3: Day | B3: Date | C3: Pillar | D3: Hook (first two seconds) | E3: Topic | F3: Format | G3: Call to action | H3: Status | I3: Link | J3: Views (48h) | K3: Saves + shares | L3: Comments | M3: DMs or profile visits | N3: Beat your average?
A4: 1 | B4: =IF('Setup'!$B$5="","",'Setup'!$B$5+1-1) | C4: =IF(B4="","",IF(1=29,"Remake your best post",IF(1=30,"Plan next month: keep, cut, test",CHOOSE(WEEKDAY(B4,2),"Teach",IF('Setup'!$B$7="3 days a week","Rest, reply to comments","You"),"Proof",IF('Setup'!$B$7="3 days a week","Rest, reply to comments","Teach"),"You","Rest, reply to comments","Rest, reply to comments")))) | D4: Stop using dish soap on your sneakers. | E4: The 3-step crease fix | F4: Tutorial | G4: Save this for your next pair | H4: Posted | J4: 2100 | K4: 95 | L4: 14 | M4: 6 | N4: =IF(N(J4)=0,"",IF(J4>AVERAGE($J$4:$J$33),"Yes",""))
A5: 2 | B5: =IF('Setup'!$B$5="","",'Setup'!$B$5+2-1) | C5: =IF(B5="","",IF(2=29,"Remake your best post",IF(2=30,"Plan next month: keep, cut, test",CHOOSE(WEEKDAY(B5,2),"Teach",IF('Setup'!$B$7="3 days a week","Rest, reply to comments","You"),"Proof",IF('Setup'!$B$7="3 days a week","Rest, reply to comments","Teach"),"You","Rest, reply to comments","Rest, reply to comments")))) | D5: I ruined my first pair doing this. | E5: Why I started cleaning sneakers | F5: Story time | G5: Follow for part two | H5: Posted | J5: 1400 | K5: 12 | L5: 22 | M5: 4 | N5: =IF(N(J5)=0,"",IF(J5>AVERAGE($J$4:$J$33),"Yes",""))
A6: 3 | B6: =IF('Setup'!$B$5="","",'Setup'!$B$5+3-1) | C6: =IF(B6="","",IF(3=29,"Remake your best post",IF(3=30,"Plan next month: keep, cut, test",CHOOSE(WEEKDAY(B6,2),"Teach",IF('Setup'!$B$7="3 days a week","Rest, reply to comments","You"),"Proof",IF('Setup'!$B$7="3 days a week","Rest, reply to comments","Teach"),"You","Rest, reply to comments","Rest, reply to comments")))) | D6: This pair looked dead on Monday. | E6: Suede before and after | F6: Voiceover before/after | G6: Comment CLEAN for prices | H6: Posted | J6: 5200 | K6: 180 | L6: 61 | M6: 19 | N6: =IF(N(J6)=0,"",IF(J6>AVERAGE($J$4:$J$33),"Yes",""))
A7: 4 | B7: =IF('Setup'!$B$5="","",'Setup'!$B$5+4-1) | C7: =IF(B7="","",IF(4=29,"Remake your best post",IF(4=30,"Plan next month: keep, cut, test",CHOOSE(WEEKDAY(B7,2),"Teach",IF('Setup'!$B$7="3 days a week","Rest, reply to comments","You"),"Proof",IF('Setup'!$B$7="3 days a week","Rest, reply to comments","Teach"),"You","Rest, reply to comments","Rest, reply to comments")))) | D7: "Will it ruin my suede?" Here's the answer. | E7: A question someone asked | F7: Talking head + text hook | G7: DM me SUEDE | H7: Posted | J7: 1800 | K7: 40 | L7: 9 | M7: 7 | N7: =IF(N(J7)=0,"",IF(J7>AVERAGE($J$4:$J$33),"Yes",""))
A8: 5 | B8: =IF('Setup'!$B$5="","",'Setup'!$B$5+5-1) | C8: =IF(B8="","",IF(5=29,"Remake your best post",IF(5=30,"Plan next month: keep, cut, test",CHOOSE(WEEKDAY(B8,2),"Teach",IF('Setup'!$B$7="3 days a week","Rest, reply to comments","You"),"Proof",IF('Setup'!$B$7="3 days a week","Rest, reply to comments","Teach"),"You","Rest, reply to comments","Rest, reply to comments")))) | D8: What 4 hours of cleaning looks like. | E8: Behind the scenes, Sunday batch | F8: Day in the life | G8: Follow if you are building too | H8: Posted | J8: 1600 | K8: 20 | L8: 11 | M8: 3 | N8: =IF(N(J8)=0,"",IF(J8>AVERAGE($J$4:$J$33),"Yes",""))
A9: 6 | B9: =IF('Setup'!$B$5="","",'Setup'!$B$5+6-1) | C9: =IF(B9="","",IF(6=29,"Remake your best post",IF(6=30,"Plan next month: keep, cut, test",CHOOSE(WEEKDAY(B9,2),"Teach",IF('Setup'!$B$7="3 days a week","Rest, reply to comments","You"),"Proof",IF('Setup'!$B$7="3 days a week","Rest, reply to comments","Teach"),"You","Rest, reply to comments","Rest, reply to comments")))) | N9: =IF(N(J9)=0,"",IF(J9>AVERAGE($J$4:$J$33),"Yes",""))
A10: 7 | B10: =IF('Setup'!$B$5="","",'Setup'!$B$5+7-1) | C10: =IF(B10="","",IF(7=29,"Remake your best post",IF(7=30,"Plan next month: keep, cut, test",CHOOSE(WEEKDAY(B10,2),"Teach",IF('Setup'!$B$7="3 days a week","Rest, reply to comments","You"),"Proof",IF('Setup'!$B$7="3 days a week","Rest, reply to comments","Teach"),"You","Rest, reply to comments","Rest, reply to comments")))) | N10: =IF(N(J10)=0,"",IF(J10>AVERAGE($J$4:$J$33),"Yes",""))
A11: 8 | B11: =IF('Setup'!$B$5="","",'Setup'!$B$5+8-1) | C11: =IF(B11="","",IF(8=29,"Remake your best post",IF(8=30,"Plan next month: keep, cut, test",CHOOSE(WEEKDAY(B11,2),"Teach",IF('Setup'!$B$7="3 days a week","Rest, reply to comments","You"),"Proof",IF('Setup'!$B$7="3 days a week","Rest, reply to comments","Teach"),"You","Rest, reply to comments","Rest, reply to comments")))) | E11: Getting yellowing out of soles | F11: Tutorial | H11: Scripted | N11: =IF(N(J11)=0,"",IF(J11>AVERAGE($J$4:$J$33),"Yes",""))
A12: 9 | B12: =IF('Setup'!$B$5="","",'Setup'!$B$5+9-1) | C12: =IF(B12="","",IF(9=29,"Remake your best post",IF(9=30,"Plan next month: keep, cut, test",CHOOSE(WEEKDAY(B12,2),"Teach",IF('Setup'!$B$7="3 days a week","Rest, reply to comments","You"),"Proof",IF('Setup'!$B$7="3 days a week","Rest, reply to comments","Teach"),"You","Rest, reply to comments","Rest, reply to comments")))) | E12: The pair I almost gave back | F12: Story time | H12: Idea | N12: =IF(N(J12)=0,"",IF(J12>AVERAGE($J$4:$J$33),"Yes",""))
A13: 10 | B13: =IF('Setup'!$B$5="","",'Setup'!$B$5+10-1) | C13: =IF(B13="","",IF(10=29,"Remake your best post",IF(10=30,"Plan next month: keep, cut, test",CHOOSE(WEEKDAY(B13,2),"Teach",IF('Setup'!$B$7="3 days a week","Rest, reply to comments","You"),"Proof",IF('Setup'!$B$7="3 days a week","Rest, reply to comments","Teach"),"You","Rest, reply to comments","Rest, reply to comments")))) | E13: Jordan 1 before and after | F13: Voiceover before/after | H13: Filmed | N13: =IF(N(J13)=0,"",IF(J13>AVERAGE($J$4:$J$33),"Yes",""))
A14: 11 | B14: =IF('Setup'!$B$5="","",'Setup'!$B$5+11-1) | C14: =IF(B14="","",IF(11=29,"Remake your best post",IF(11=30,"Plan next month: keep, cut, test",CHOOSE(WEEKDAY(B14,2),"Teach",IF('Setup'!$B$7="3 days a week","Rest, reply to comments","You"),"Proof",IF('Setup'!$B$7="3 days a week","Rest, reply to comments","Teach"),"You","Rest, reply to comments","Rest, reply to comments")))) | N14: =IF(N(J14)=0,"",IF(J14>AVERAGE($J$4:$J$33),"Yes",""))
A15: 12 | B15: =IF('Setup'!$B$5="","",'Setup'!$B$5+12-1) | C15: =IF(B15="","",IF(12=29,"Remake your best post",IF(12=30,"Plan next month: keep, cut, test",CHOOSE(WEEKDAY(B15,2),"Teach",IF('Setup'!$B$7="3 days a week","Rest, reply to comments","You"),"Proof",IF('Setup'!$B$7="3 days a week","Rest, reply to comments","Teach"),"You","Rest, reply to comments","Rest, reply to comments")))) | N15: =IF(N(J15)=0,"",IF(J15>AVERAGE($J$4:$J$33),"Yes",""))
A16: 13 | B16: =IF('Setup'!$B$5="","",'Setup'!$B$5+13-1) | C16: =IF(B16="","",IF(13=29,"Remake your best post",IF(13=30,"Plan next month: keep, cut, test",CHOOSE(WEEKDAY(B16,2),"Teach",IF('Setup'!$B$7="3 days a week","Rest, reply to comments","You"),"Proof",IF('Setup'!$B$7="3 days a week","Rest, reply to comments","Teach"),"You","Rest, reply to comments","Rest, reply to comments")))) | N16: =IF(N(J16)=0,"",IF(J16>AVERAGE($J$4:$J$33),"Yes",""))
A17: 14 | B17: =IF('Setup'!$B$5="","",'Setup'!$B$5+14-1) | C17: =IF(B17="","",IF(14=29,"Remake your best post",IF(14=30,"Plan next month: keep, cut, test",CHOOSE(WEEKDAY(B17,2),"Teach",IF('Setup'!$B$7="3 days a week","Rest, reply to comments","You"),"Proof",IF('Setup'!$B$7="3 days a week","Rest, reply to comments","Teach"),"You","Rest, reply to comments","Rest, reply to comments")))) | N17: =IF(N(J17)=0,"",IF(J17>AVERAGE($J$4:$J$33),"Yes",""))
A18: 15 | B18: =IF('Setup'!$B$5="","",'Setup'!$B$5+15-1) | C18: =IF(B18="","",IF(15=29,"Remake your best post",IF(15=30,"Plan next month: keep, cut, test",CHOOSE(WEEKDAY(B18,2),"Teach",IF('Setup'!$B$7="3 days a week","Rest, reply to comments","You"),"Proof",IF('Setup'!$B$7="3 days a week","Rest, reply to comments","Teach"),"You","Rest, reply to comments","Rest, reply to comments")))) | N18: =IF(N(J18)=0,"",IF(J18>AVERAGE($J$4:$J$33),"Yes",""))
A19: 16 | B19: =IF('Setup'!$B$5="","",'Setup'!$B$5+16-1) | C19: =IF(B19="","",IF(16=29,"Remake your best post",IF(16=30,"Plan next month: keep, cut, test",CHOOSE(WEEKDAY(B19,2),"Teach",IF('Setup'!$B$7="3 days a week","Rest, reply to comments","You"),"Proof",IF('Setup'!$B$7="3 days a week","Rest, reply to comments","Teach"),"You","Rest, reply to comments","Rest, reply to comments")))) | N19: =IF(N(J19)=0,"",IF(J19>AVERAGE($J$4:$J$33),"Yes",""))
A20: 17 | B20: =IF('Setup'!$B$5="","",'Setup'!$B$5+17-1) | C20: =IF(B20="","",IF(17=29,"Remake your best post",IF(17=30,"Plan next month: keep, cut, test",CHOOSE(WEEKDAY(B20,2),"Teach",IF('Setup'!$B$7="3 days a week","Rest, reply to comments","You"),"Proof",IF('Setup'!$B$7="3 days a week","Rest, reply to comments","Teach"),"You","Rest, reply to comments","Rest, reply to comments")))) | N20: =IF(N(J20)=0,"",IF(J20>AVERAGE($J$4:$J$33),"Yes",""))
A21: 18 | B21: =IF('Setup'!$B$5="","",'Setup'!$B$5+18-1) | C21: =IF(B21="","",IF(18=29,"Remake your best post",IF(18=30,"Plan next month: keep, cut, test",CHOOSE(WEEKDAY(B21,2),"Teach",IF('Setup'!$B$7="3 days a week","Rest, reply to comments","You"),"Proof",IF('Setup'!$B$7="3 days a week","Rest, reply to comments","Teach"),"You","Rest, reply to comments","Rest, reply to comments")))) | N21: =IF(N(J21)=0,"",IF(J21>AVERAGE($J$4:$J$33),"Yes",""))
A22: 19 | B22: =IF('Setup'!$B$5="","",'Setup'!$B$5+19-1) | C22: =IF(B22="","",IF(19=29,"Remake your best post",IF(19=30,"Plan next month: keep, cut, test",CHOOSE(WEEKDAY(B22,2),"Teach",IF('Setup'!$B$7="3 days a week","Rest, reply to comments","You"),"Proof",IF('Setup'!$B$7="3 days a week","Rest, reply to comments","Teach"),"You","Rest, reply to comments","Rest, reply to comments")))) | N22: =IF(N(J22)=0,"",IF(J22>AVERAGE($J$4:$J$33),"Yes",""))
A23: 20 | B23: =IF('Setup'!$B$5="","",'Setup'!$B$5+20-1) | C23: =IF(B23="","",IF(20=29,"Remake your best post",IF(20=30,"Plan next month: keep, cut, test",CHOOSE(WEEKDAY(B23,2),"Teach",IF('Setup'!$B$7="3 days a week","Rest, reply to comments","You"),"Proof",IF('Setup'!$B$7="3 days a week","Rest, reply to comments","Teach"),"You","Rest, reply to comments","Rest, reply to comments")))) | N23: =IF(N(J23)=0,"",IF(J23>AVERAGE($J$4:$J$33),"Yes",""))
A24: 21 | B24: =IF('Setup'!$B$5="","",'Setup'!$B$5+21-1) | C24: =IF(B24="","",IF(21=29,"Remake your best post",IF(21=30,"Plan next month: keep, cut, test",CHOOSE(WEEKDAY(B24,2),"Teach",IF('Setup'!$B$7="3 days a week","Rest, reply to comments","You"),"Proof",IF('Setup'!$B$7="3 days a week","Rest, reply to comments","Teach"),"You","Rest, reply to comments","Rest, reply to comments")))) | N24: =IF(N(J24)=0,"",IF(J24>AVERAGE($J$4:$J$33),"Yes",""))
A25: 22 | B25: =IF('Setup'!$B$5="","",'Setup'!$B$5+22-1) | C25: =IF(B25="","",IF(22=29,"Remake your best post",IF(22=30,"Plan next month: keep, cut, test",CHOOSE(WEEKDAY(B25,2),"Teach",IF('Setup'!$B$7="3 days a week","Rest, reply to comments","You"),"Proof",IF('Setup'!$B$7="3 days a week","Rest, reply to comments","Teach"),"You","Rest, reply to comments","Rest, reply to comments")))) | N25: =IF(N(J25)=0,"",IF(J25>AVERAGE($J$4:$J$33),"Yes",""))
A26: 23 | B26: =IF('Setup'!$B$5="","",'Setup'!$B$5+23-1) | C26: =IF(B26="","",IF(23=29,"Remake your best post",IF(23=30,"Plan next month: keep, cut, test",CHOOSE(WEEKDAY(B26,2),"Teach",IF('Setup'!$B$7="3 days a week","Rest, reply to comments","You"),"Proof",IF('Setup'!$B$7="3 days a week","Rest, reply to comments","Teach"),"You","Rest, reply to comments","Rest, reply to comments")))) | N26: =IF(N(J26)=0,"",IF(J26>AVERAGE($J$4:$J$33),"Yes",""))
A27: 24 | B27: =IF('Setup'!$B$5="","",'Setup'!$B$5+24-1) | C27: =IF(B27="","",IF(24=29,"Remake your best post",IF(24=30,"Plan next month: keep, cut, test",CHOOSE(WEEKDAY(B27,2),"Teach",IF('Setup'!$B$7="3 days a week","Rest, reply to comments","You"),"Proof",IF('Setup'!$B$7="3 days a week","Rest, reply to comments","Teach"),"You","Rest, reply to comments","Rest, reply to comments")))) | N27: =IF(N(J27)=0,"",IF(J27>AVERAGE($J$4:$J$33),"Yes",""))
A28: 25 | B28: =IF('Setup'!$B$5="","",'Setup'!$B$5+25-1) | C28: =IF(B28="","",IF(25=29,"Remake your best post",IF(25=30,"Plan next month: keep, cut, test",CHOOSE(WEEKDAY(B28,2),"Teach",IF('Setup'!$B$7="3 days a week","Rest, reply to comments","You"),"Proof",IF('Setup'!$B$7="3 days a week","Rest, reply to comments","Teach"),"You","Rest, reply to comments","Rest, reply to comments")))) | N28: =IF(N(J28)=0,"",IF(J28>AVERAGE($J$4:$J$33),"Yes",""))
A29: 26 | B29: =IF('Setup'!$B$5="","",'Setup'!$B$5+26-1) | C29: =IF(B29="","",IF(26=29,"Remake your best post",IF(26=30,"Plan next month: keep, cut, test",CHOOSE(WEEKDAY(B29,2),"Teach",IF('Setup'!$B$7="3 days a week","Rest, reply to comments","You"),"Proof",IF('Setup'!$B$7="3 days a week","Rest, reply to comments","Teach"),"You","Rest, reply to comments","Rest, reply to comments")))) | N29: =IF(N(J29)=0,"",IF(J29>AVERAGE($J$4:$J$33),"Yes",""))
A30: 27 | B30: =IF('Setup'!$B$5="","",'Setup'!$B$5+27-1) | C30: =IF(B30="","",IF(27=29,"Remake your best post",IF(27=30,"Plan next month: keep, cut, test",CHOOSE(WEEKDAY(B30,2),"Teach",IF('Setup'!$B$7="3 days a week","Rest, reply to comments","You"),"Proof",IF('Setup'!$B$7="3 days a week","Rest, reply to comments","Teach"),"You","Rest, reply to comments","Rest, reply to comments")))) | N30: =IF(N(J30)=0,"",IF(J30>AVERAGE($J$4:$J$33),"Yes",""))
A31: 28 | B31: =IF('Setup'!$B$5="","",'Setup'!$B$5+28-1) | C31: =IF(B31="","",IF(28=29,"Remake your best post",IF(28=30,"Plan next month: keep, cut, test",CHOOSE(WEEKDAY(B31,2),"Teach",IF('Setup'!$B$7="3 days a week","Rest, reply to comments","You"),"Proof",IF('Setup'!$B$7="3 days a week","Rest, reply to comments","Teach"),"You","Rest, reply to comments","Rest, reply to comments")))) | N31: =IF(N(J31)=0,"",IF(J31>AVERAGE($J$4:$J$33),"Yes",""))
A32: 29 | B32: =IF('Setup'!$B$5="","",'Setup'!$B$5+29-1) | C32: =IF(B32="","",IF(29=29,"Remake your best post",IF(29=30,"Plan next month: keep, cut, test",CHOOSE(WEEKDAY(B32,2),"Teach",IF('Setup'!$B$7="3 days a week","Rest, reply to comments","You"),"Proof",IF('Setup'!$B$7="3 days a week","Rest, reply to comments","Teach"),"You","Rest, reply to comments","Rest, reply to comments")))) | N32: =IF(N(J32)=0,"",IF(J32>AVERAGE($J$4:$J$33),"Yes",""))
A33: 30 | B33: =IF('Setup'!$B$5="","",'Setup'!$B$5+30-1) | C33: =IF(B33="","",IF(30=29,"Remake your best post",IF(30=30,"Plan next month: keep, cut, test",CHOOSE(WEEKDAY(B33,2),"Teach",IF('Setup'!$B$7="3 days a week","Rest, reply to comments","You"),"Proof",IF('Setup'!$B$7="3 days a week","Rest, reply to comments","Teach"),"You","Rest, reply to comments","Rest, reply to comments")))) | N33: =IF(N(J33)=0,"",IF(J33>AVERAGE($J$4:$J$33),"Yes",""))

Sheet Formats
A1: Which format hits
A2: Views say the hook stopped the scroll. Comments and DMs say it built trust. Those turn into customers.
A4: BY FORMAT (POSTED, WITH RESULTS) | B4: Posts | C4: Avg views | D4: Avg comments + DMs
A5: Talking head + text hook | B5: =COUNTIFS('Calendar'!$F$4:$F$33,"Talking head + text hook",'Calendar'!$J$4:$J$33,">0") | C5: =IFERROR(ROUND(AVERAGEIFS('Calendar'!$J$4:$J$33,'Calendar'!$F$4:$F$33,"Talking head + text hook",'Calendar'!$J$4:$J$33,">0"),0),"") | D5: =IFERROR(ROUND((SUMIFS('Calendar'!$L$4:$L$33,'Calendar'!$F$4:$F$33,"Talking head + text hook")+SUMIFS('Calendar'!$M$4:$M$33,'Calendar'!$F$4:$F$33,"Talking head + text hook"))/COUNTIFS('Calendar'!$F$4:$F$33,"Talking head + text hook",'Calendar'!$J$4:$J$33,">0"),1),"")
A6: Green screen | B6: =COUNTIFS('Calendar'!$F$4:$F$33,"Green screen",'Calendar'!$J$4:$J$33,">0") | C6: =IFERROR(ROUND(AVERAGEIFS('Calendar'!$J$4:$J$33,'Calendar'!$F$4:$F$33,"Green screen",'Calendar'!$J$4:$J$33,">0"),0),"") | D6: =IFERROR(ROUND((SUMIFS('Calendar'!$L$4:$L$33,'Calendar'!$F$4:$F$33,"Green screen")+SUMIFS('Calendar'!$M$4:$M$33,'Calendar'!$F$4:$F$33,"Green screen"))/COUNTIFS('Calendar'!$F$4:$F$33,"Green screen",'Calendar'!$J$4:$J$33,">0"),1),"")
A7: Voiceover before/after | B7: =COUNTIFS('Calendar'!$F$4:$F$33,"Voiceover before/after",'Calendar'!$J$4:$J$33,">0") | C7: =IFERROR(ROUND(AVERAGEIFS('Calendar'!$J$4:$J$33,'Calendar'!$F$4:$F$33,"Voiceover before/after",'Calendar'!$J$4:$J$33,">0"),0),"") | D7: =IFERROR(ROUND((SUMIFS('Calendar'!$L$4:$L$33,'Calendar'!$F$4:$F$33,"Voiceover before/after")+SUMIFS('Calendar'!$M$4:$M$33,'Calendar'!$F$4:$F$33,"Voiceover before/after"))/COUNTIFS('Calendar'!$F$4:$F$33,"Voiceover before/after",'Calendar'!$J$4:$J$33,">0"),1),"")
A8: List of three | B8: =COUNTIFS('Calendar'!$F$4:$F$33,"List of three",'Calendar'!$J$4:$J$33,">0") | C8: =IFERROR(ROUND(AVERAGEIFS('Calendar'!$J$4:$J$33,'Calendar'!$F$4:$F$33,"List of three",'Calendar'!$J$4:$J$33,">0"),0),"") | D8: =IFERROR(ROUND((SUMIFS('Calendar'!$L$4:$L$33,'Calendar'!$F$4:$F$33,"List of three")+SUMIFS('Calendar'!$M$4:$M$33,'Calendar'!$F$4:$F$33,"List of three"))/COUNTIFS('Calendar'!$F$4:$F$33,"List of three",'Calendar'!$J$4:$J$33,">0"),1),"")
A9: Day in the life | B9: =COUNTIFS('Calendar'!$F$4:$F$33,"Day in the life",'Calendar'!$J$4:$J$33,">0") | C9: =IFERROR(ROUND(AVERAGEIFS('Calendar'!$J$4:$J$33,'Calendar'!$F$4:$F$33,"Day in the life",'Calendar'!$J$4:$J$33,">0"),0),"") | D9: =IFERROR(ROUND((SUMIFS('Calendar'!$L$4:$L$33,'Calendar'!$F$4:$F$33,"Day in the life")+SUMIFS('Calendar'!$M$4:$M$33,'Calendar'!$F$4:$F$33,"Day in the life"))/COUNTIFS('Calendar'!$F$4:$F$33,"Day in the life",'Calendar'!$J$4:$J$33,">0"),1),"")
A10: Tutorial | B10: =COUNTIFS('Calendar'!$F$4:$F$33,"Tutorial",'Calendar'!$J$4:$J$33,">0") | C10: =IFERROR(ROUND(AVERAGEIFS('Calendar'!$J$4:$J$33,'Calendar'!$F$4:$F$33,"Tutorial",'Calendar'!$J$4:$J$33,">0"),0),"") | D10: =IFERROR(ROUND((SUMIFS('Calendar'!$L$4:$L$33,'Calendar'!$F$4:$F$33,"Tutorial")+SUMIFS('Calendar'!$M$4:$M$33,'Calendar'!$F$4:$F$33,"Tutorial"))/COUNTIFS('Calendar'!$F$4:$F$33,"Tutorial",'Calendar'!$J$4:$J$33,">0"),1),"")
A11: Story time | B11: =COUNTIFS('Calendar'!$F$4:$F$33,"Story time",'Calendar'!$J$4:$J$33,">0") | C11: =IFERROR(ROUND(AVERAGEIFS('Calendar'!$J$4:$J$33,'Calendar'!$F$4:$F$33,"Story time",'Calendar'!$J$4:$J$33,">0"),0),"") | D11: =IFERROR(ROUND((SUMIFS('Calendar'!$L$4:$L$33,'Calendar'!$F$4:$F$33,"Story time")+SUMIFS('Calendar'!$M$4:$M$33,'Calendar'!$F$4:$F$33,"Story time"))/COUNTIFS('Calendar'!$F$4:$F$33,"Story time",'Calendar'!$J$4:$J$33,">0"),1),"")
A13: BY PILLAR | B13: Posts | C13: Avg views | D13: Avg comments + DMs
A14: Teach | B14: =COUNTIFS('Calendar'!$C$4:$C$33,"Teach",'Calendar'!$J$4:$J$33,">0") | C14: =IFERROR(ROUND(AVERAGEIFS('Calendar'!$J$4:$J$33,'Calendar'!$C$4:$C$33,"Teach",'Calendar'!$J$4:$J$33,">0"),0),"") | D14: =IFERROR(ROUND((SUMIFS('Calendar'!$L$4:$L$33,'Calendar'!$C$4:$C$33,"Teach")+SUMIFS('Calendar'!$M$4:$M$33,'Calendar'!$C$4:$C$33,"Teach"))/COUNTIFS('Calendar'!$C$4:$C$33,"Teach",'Calendar'!$J$4:$J$33,">0"),1),"")
A15: Proof | B15: =COUNTIFS('Calendar'!$C$4:$C$33,"Proof",'Calendar'!$J$4:$J$33,">0") | C15: =IFERROR(ROUND(AVERAGEIFS('Calendar'!$J$4:$J$33,'Calendar'!$C$4:$C$33,"Proof",'Calendar'!$J$4:$J$33,">0"),0),"") | D15: =IFERROR(ROUND((SUMIFS('Calendar'!$L$4:$L$33,'Calendar'!$C$4:$C$33,"Proof")+SUMIFS('Calendar'!$M$4:$M$33,'Calendar'!$C$4:$C$33,"Proof"))/COUNTIFS('Calendar'!$C$4:$C$33,"Proof",'Calendar'!$J$4:$J$33,">0"),1),"")
A16: You | B16: =COUNTIFS('Calendar'!$C$4:$C$33,"You",'Calendar'!$J$4:$J$33,">0") | C16: =IFERROR(ROUND(AVERAGEIFS('Calendar'!$J$4:$J$33,'Calendar'!$C$4:$C$33,"You",'Calendar'!$J$4:$J$33,">0"),0),"") | D16: =IFERROR(ROUND((SUMIFS('Calendar'!$L$4:$L$33,'Calendar'!$C$4:$C$33,"You")+SUMIFS('Calendar'!$M$4:$M$33,'Calendar'!$C$4:$C$33,"You"))/COUNTIFS('Calendar'!$C$4:$C$33,"You",'Calendar'!$J$4:$J$33,">0"),1),"")
A18: DO MORE OF WHAT WORKS
A19: Best format for reach (avg views) | B19: =IF(COUNT($C$5:$C$11)=0,"Log results 48 hours after posting",INDEX($A$5:$A$11,MATCH(MAX($C$5:$C$11),$C$5:$C$11,0)))
A20: Best format for trust (comments + DMs) | B20: =IF(COUNT($D$5:$D$11)=0,"",INDEX($A$5:$A$11,MATCH(MAX($D$5:$D$11),$D$5:$D$11,0)))
A21: Your average views so far | B21: =IFERROR(ROUND(AVERAGEIF('Calendar'!$J$4:$J$33,">0"),0),"")
A22: Posts published | B22: =COUNTIF('Calendar'!$H$4:$H$33,"Posted")
A23: Why the winner worked (your words) | B23: The result shows up in the first second. People comment to ask about their own pair.
A24: Next week you will reuse | B24: Voiceover before and after, with the comment CLEAN call to action
