Workbook

Sheet Start here
B2: 127 · GROW TRACK · BUILDER
B3: Pipeline Tracker
B4: One list for every person you could sell to: your warm list, outreach, follow-ups on day 3, 7 and 14, and who's due today.
B6: HOW TO USE IT
B7: 1. Write 20 names in the Pipeline tab. People who might buy, know someone who would, or give honest feedback.
B8: 2. Add how you know them and their problem in their words. Personal first lines come from this column.
B9: 3. Send your first message and log the date. Day 3, 7 and 14 follow-up dates fill in for you.
B10: 4. Move the Stage as things happen. Every open row gets a next step and a date.
B11: 5. Each morning, filter Due? for Due or Follow up. That's your list for today.
B12: 6. Check the Dashboard tab once a week: replies, calls, wins and money won.
B13: 7. Want an email each morning with who's due? Set up the Follow-Up Reminders recipe on this sheet.
B15: CELL COLORS
... B30: Template drafted from Eli Christiansen's frameworks. © 127 Group LLC. For your own business use.

Sheet Pipeline
A1: Pipeline Tracker
A2: One row per person. Every open row gets a next step and a date.
A3: Name | B3: How you know them | C3: Contact (handle, phone or email) | D3: Type | E3: Their problem, in their words | F3: Stage | G3: Script used | H3: First message | I3: Follow-up 1 (day 3) | J3: Follow-up 2 (day 7) | K3: Close the loop (day 14) | L3: Last contact | M3: Next step | N3: Next step date | O3: Due? | P3: Paid or deal value ($) | Q3: Referred by | R3: Notes
I4: =IF(ISNUMBER(H4),H4+3,"") | J4: =IF(ISNUMBER(H4),H4+7,"") | K4: =IF(ISNUMBER(H4),H4+14,"") | O4: =IF(OR(A4="",F4="Won",F4="Lost",F4="Not now"),"",IF(AND(ISNUMBER(N4),N4<=TODAY()),"Due",IF(AND(F4="Messaged",ISNUMBER(H4),NOT(ISNUMBER(N4)),TODAY()-H4>=3,TODAY()-H4<=14),"Follow up","")))
I5: =IF(ISNUMBER(H5),H5+3,"") | J5: =IF(ISNUMBER(H5),H5+7,"") | K5: =IF(ISNUMBER(H5),H5+14,"") | O5: =IF(OR(A5="",F5="Won",F5="Lost",F5="Not now"),"",IF(AND(ISNUMBER(N5),N5<=TODAY()),"Due",IF(AND(F5="Messaged",ISNUMBER(H5),NOT(ISNUMBER(N5)),TODAY()-H5>=3,TODAY()-H5<=14),"Follow up","")))
I6: =IF(ISNUMBER(H6),H6+3,"") | J6: =IF(ISNUMBER(H6),H6+7,"") | K6: =IF(ISNUMBER(H6),H6+14,"") | O6: =IF(OR(A6="",F6="Won",F6="Lost",F6="Not now"),"",IF(AND(ISNUMBER(N6),N6<=TODAY()),"Due",IF(AND(F6="Messaged",ISNUMBER(H6),NOT(ISNUMBER(N6)),TODAY()-H6>=3,TODAY()-H6<=14),"Follow up","")))
I7: =IF(ISNUMBER(H7),H7+3,"") | J7: =IF(ISNUMBER(H7),H7+7,"") | K7: =IF(ISNUMBER(H7),H7+14,"") | O7: =IF(OR(A7="",F7="Won",F7="Lost",F7="Not now"),"",IF(AND(ISNUMBER(N7),N7<=TODAY()),"Due",IF(AND(F7="Messaged",ISNUMBER(H7),NOT(ISNUMBER(N7)),TODAY()-H7>=3,TODAY()-H7<=14),"Follow up","")))
I8: =IF(ISNUMBER(H8),H8+3,"") | J8: =IF(ISNUMBER(H8),H8+7,"") | K8: =IF(ISNUMBER(H8),H8+14,"") | O8: =IF(OR(A8="",F8="Won",F8="Lost",F8="Not now"),"",IF(AND(ISNUMBER(N8),N8<=TODAY()),"Due",IF(AND(F8="Messaged",ISNUMBER(H8),NOT(ISNUMBER(N8)),TODAY()-H8>=3,TODAY()-H8<=14),"Follow up","")))
I9: =IF(ISNUMBER(H9),H9+3,"") | J9: =IF(ISNUMBER(H9),H9+7,"") | K9: =IF(ISNUMBER(H9),H9+14,"") | O9: =IF(OR(A9="",F9="Won",F9="Lost",F9="Not now"),"",IF(AND(ISNUMBER(N9),N9<=TODAY()),"Due",IF(AND(F9="Messaged",ISNUMBER(H9),NOT(ISNUMBER(N9)),TODAY()-H9>=3,TODAY()-H9<=14),"Follow up","")))
I10: =IF(ISNUMBER(H10),H10+3,"") | J10: =IF(ISNUMBER(H10),H10+7,"") | K10: =IF(ISNUMBER(H10),H10+14,"") | O10: =IF(OR(A10="",F10="Won",F10="Lost",F10="Not now"),"",IF(AND(ISNUMBER(N10),N10<=TODAY()),"Due",IF(AND(F10="Messaged",ISNUMBER(H10),NOT(ISNUMBER(N10)),TODAY()-H10>=3,TODAY()-H10<=14),"Follow up","")))
I11: =IF(ISNUMBER(H11),H11+3,"") | J11: =IF(ISNUMBER(H11),H11+7,"") | K11: =IF(ISNUMBER(H11),H11+14,"") | O11: =IF(OR(A11="",F11="Won",F11="Lost",F11="Not now"),"",IF(AND(ISNUMBER(N11),N11<=TODAY()),"Due",IF(AND(F11="Messaged",ISNUMBER(H11),NOT(ISNUMBER(N11)),TODAY()-H11>=3,TODAY()-H11<=14),"Follow up","")))
I12: =IF(ISNUMBER(H12),H12+3,"") | J12: =IF(ISNUMBER(H12),H12+7,"") | K12: =IF(ISNUMBER(H12),H12+14,"") | O12: =IF(OR(A12="",F12="Won",F12="Lost",F12="Not now"),"",IF(AND(ISNUMBER(N12),N12<=TODAY()),"Due",IF(AND(F12="Messaged",ISNUMBER(H12),NOT(ISNUMBER(N12)),TODAY()-H12>=3,TODAY()-H12<=14),"Follow up","")))
I13: =IF(ISNUMBER(H13),H13+3,"") | J13: =IF(ISNUMBER(H13),H13+7,"") | K13: =IF(ISNUMBER(H13),H13+14,"") | O13: =IF(OR(A13="",F13="Won",F13="Lost",F13="Not now"),"",IF(AND(ISNUMBER(N13),N13<=TODAY()),"Due",IF(AND(F13="Messaged",ISNUMBER(H13),NOT(ISNUMBER(N13)),TODAY()-H13>=3,TODAY()-H13<=14),"Follow up","")))
I14: =IF(ISNUMBER(H14),H14+3,"") | J14: =IF(ISNUMBER(H14),H14+7,"") | K14: =IF(ISNUMBER(H14),H14+14,"") | O14: =IF(OR(A14="",F14="Won",F14="Lost",F14="Not now"),"",IF(AND(ISNUMBER(N14),N14<=TODAY()),"Due",IF(AND(F14="Messaged",ISNUMBER(H14),NOT(ISNUMBER(N14)),TODAY()-H14>=3,TODAY()-H14<=14),"Follow up","")))
I15: =IF(ISNUMBER(H15),H15+3,"") | J15: =IF(ISNUMBER(H15),H15+7,"") | K15: =IF(ISNUMBER(H15),H15+14,"") | O15: =IF(OR(A15="",F15="Won",F15="Lost",F15="Not now"),"",IF(AND(ISNUMBER(N15),N15<=TODAY()),"Due",IF(AND(F15="Messaged",ISNUMBER(H15),NOT(ISNUMBER(N15)),TODAY()-H15>=3,TODAY()-H15<=14),"Follow up","")))
... I203: =IF(ISNUMBER(H203),H203+3,"") | J203: =IF(ISNUMBER(H203),H203+7,"") | K203: =IF(ISNUMBER(H203),H203+14,"") | O203: =IF(OR(A203="",F203="Won",F203="Lost",F203="Not now"),"",IF(AND(ISNUMBER(N203),N203<=TODAY()),"Due",IF(AND(F203="Messaged",ISNUMBER(H203),NOT(ISNUMBER(N203)),TODAY()-H203>=3,TODAY()-H203<=14),"Follow up","")))

Sheet Dashboard
A1: Pipeline dashboard
A2: Check it once a week, in your Weekly CEO Review.
A4: YOUR LIST
A5: People on the list (goal: 20 to start) | B5: =COUNTA('Pipeline'!$A$4:$A$203)
A6: Warm | B6: =COUNTIF('Pipeline'!$D$4:$D$203,"Warm")
A7: Referrals | B7: =COUNTIF('Pipeline'!$D$4:$D$203,"Referral")
A8: Follow-ups or next steps due today | B8: =COUNTIF('Pipeline'!$O$4:$O$203,"Due")+COUNTIF('Pipeline'!$O$4:$O$203,"Follow up")
A10: BY STAGE
A11: To contact | B11: =COUNTIF('Pipeline'!$F$4:$F$203,"To contact")
A12: Messaged | B12: =COUNTIF('Pipeline'!$F$4:$F$203,"Messaged")
A13: Replied | B13: =COUNTIF('Pipeline'!$F$4:$F$203,"Replied")
A14: Call booked | B14: =COUNTIF('Pipeline'!$F$4:$F$203,"Call booked")
A15: Offer sent | B15: =COUNTIF('Pipeline'!$F$4:$F$203,"Offer sent")
A16: Won | B16: =COUNTIF('Pipeline'!$F$4:$F$203,"Won")
A17: Lost | B17: =COUNTIF('Pipeline'!$F$4:$F$203,"Lost")
A18: Not now | B18: =COUNTIF('Pipeline'!$F$4:$F$203,"Not now")
A20: HOW IT IS CONVERTING
A21: Contacted (anyone past To contact) | B21: =$B$5-$B$11
A22: Reply rate (replied, booked, offered or won / contacted) | B22: =IF($B$21=0,"",($B$13+$B$14+$B$15+$B$16)/$B$21)
A23: Win rate (won / contacted) | B23: =IF($B$21=0,"",$B$16/$B$21)
A24: Money won ($) | B24: =SUMIF('Pipeline'!$F$4:$F$203,"Won",'Pipeline'!$P$4:$P$203)
A25: Average per customer ($) | B25: =IF($B$16=0,"",$B$24/$B$16)
A26: Read | B26: =IF($B$5<20,"Get to 20 names first. Your first customers come from people who already know you.",IF($B$21<10,"Send your first messages. Personalize the first line every time.",IF(N($B$22)<0.2,"Few replies. Make the first line more personal and ask about their problem before offering.",IF($B$16=0,"People reply but nobody buys yet. Tighten the offer and make the next step tiny.","It is working. Ask every customer for one referral."))))
