Workbook

Sheet Start here
B2: 127 · START TRACK · FREE
B3: Interview Synthesis
B4: Lay your interviews side by side, count the phrases people repeat, and get a kill, pause or double down call backed by evidence.
B6: HOW TO USE IT
B7: 1. In Interviews, give each conversation one row. Fill it from your notes, using their words.
B8: 2. In Phrases, paste any phrase that sounds like it could be a headline. Mark an x under every interview where you heard it.
B9: 3. Phrases heard 3 or more times turn lilac. Those are your headline, offer and ad words.
B10: 4. Open Verdict. The sheet suggests kill, pause or double down from your evidence.
B11: 5. Make your own call, write why, and if it's a pause, the one thing you'll change.
B12: 6. Double down? Take your top phrases into the One-Page Offer this week.
B14: CELL COLORS
B15: White cells: you type here.
... B27: Template drafted from Eli Christiansen's frameworks. © 127 Group LLC. For your own business use.

Sheet Interviews
A1: Your interviews, side by side
A2: One row per conversation. Use their words, not yours.
A3: # | B3: Who (name or handle) | C3: Has the problem? | D3: Last time it happened | E3: How they solve it today | F3: Pays today (money or real time)? | G3: What it costs them | H3: Pain 1-5 | I3: Asked to buy or "when can I get this?" | J3: Best quote, exact words
A4: 1
A5: 2
A6: 3
A7: 4
A8: 5
A9: 6
A10: 7
A11: 8
A12: 9
A13: 10
A14: 11
A15: 12
... A28: 25

Sheet Phrases
A1: Phrases that repeat
A2: Mark an x under every interview number where you heard the phrase (or something very close).
A3: Phrase, exact words | B3: Type | C3: #1 | D3: #2 | E3: #3 | F3: #4 | G3: #5 | H3: #6 | I3: #7 | J3: #8 | K3: #9 | L3: #10 | M3: Times heard | N3: Use it for
M4: =IF(A4="","",COUNTIF(C4:L4,"x")) | N4: =IF(M4="","",IF(M4>=3,"Headline / offer / ads",IF(M4=2,"Watch for it","Not yet a pattern")))
M5: =IF(A5="","",COUNTIF(C5:L5,"x")) | N5: =IF(M5="","",IF(M5>=3,"Headline / offer / ads",IF(M5=2,"Watch for it","Not yet a pattern")))
M6: =IF(A6="","",COUNTIF(C6:L6,"x")) | N6: =IF(M6="","",IF(M6>=3,"Headline / offer / ads",IF(M6=2,"Watch for it","Not yet a pattern")))
M7: =IF(A7="","",COUNTIF(C7:L7,"x")) | N7: =IF(M7="","",IF(M7>=3,"Headline / offer / ads",IF(M7=2,"Watch for it","Not yet a pattern")))
M8: =IF(A8="","",COUNTIF(C8:L8,"x")) | N8: =IF(M8="","",IF(M8>=3,"Headline / offer / ads",IF(M8=2,"Watch for it","Not yet a pattern")))
M9: =IF(A9="","",COUNTIF(C9:L9,"x")) | N9: =IF(M9="","",IF(M9>=3,"Headline / offer / ads",IF(M9=2,"Watch for it","Not yet a pattern")))
M10: =IF(A10="","",COUNTIF(C10:L10,"x")) | N10: =IF(M10="","",IF(M10>=3,"Headline / offer / ads",IF(M10=2,"Watch for it","Not yet a pattern")))
M11: =IF(A11="","",COUNTIF(C11:L11,"x")) | N11: =IF(M11="","",IF(M11>=3,"Headline / offer / ads",IF(M11=2,"Watch for it","Not yet a pattern")))
M12: =IF(A12="","",COUNTIF(C12:L12,"x")) | N12: =IF(M12="","",IF(M12>=3,"Headline / offer / ads",IF(M12=2,"Watch for it","Not yet a pattern")))
M13: =IF(A13="","",COUNTIF(C13:L13,"x")) | N13: =IF(M13="","",IF(M13>=3,"Headline / offer / ads",IF(M13=2,"Watch for it","Not yet a pattern")))
M14: =IF(A14="","",COUNTIF(C14:L14,"x")) | N14: =IF(M14="","",IF(M14>=3,"Headline / offer / ads",IF(M14=2,"Watch for it","Not yet a pattern")))
M15: =IF(A15="","",COUNTIF(C15:L15,"x")) | N15: =IF(M15="","",IF(M15>=3,"Headline / offer / ads",IF(M15=2,"Watch for it","Not yet a pattern")))
... M33: =IF(A33="","",COUNTIF(C33:L33,"x")) | N33: =IF(M33="","",IF(M33>=3,"Headline / offer / ads",IF(M33=2,"Watch for it","Not yet a pattern")))

Sheet Verdict
A1: Kill, pause or double down
A2: The suggestion follows Eli's rule. You make the final call.
A4: THE EVIDENCE
A5: Interviews logged | B5: =COUNTA('Interviews'!$B$4:$B$28)
A6: Share who have the problem | B6: =IF($B$5=0,"",COUNTIF('Interviews'!$C$4:$C$28,"Yes")/$B$5)
A7: Share where it happened this month or this week | B7: =IF($B$5=0,"",(COUNTIF('Interviews'!$D$4:$D$28,"This week")+COUNTIF('Interviews'!$D$4:$D$28,"This month"))/$B$5)
A8: Share already paying money or real time for a fix | B8: =IF($B$5=0,"",COUNTIF('Interviews'!$F$4:$F$28,"Yes")/$B$5)
A9: Average pain (1-5) | B9: =IF(COUNT('Interviews'!$H$4:$H$28)=0,"",AVERAGE('Interviews'!$H$4:$H$28))
A10: People who asked to buy | B10: =COUNTIF('Interviews'!$I$4:$I$28,"Yes")
A11: Phrases heard 3+ times | B11: =COUNTIF('Phrases'!$M$4:$M$33,">=3")
A12: Top phrase | B12: =IF(COUNT('Phrases'!$M$4:$M$33)=0,"",INDEX('Phrases'!$A$4:$A$33,MATCH(MAX('Phrases'!$M$4:$M$33),'Phrases'!$M$4:$M$33,0)))
A14: SUGGESTED CALL
A15: Suggested verdict | B15: =IF($B$5<5,"Log at least 5 interviews first",IF(OR($B$6<0.3,AND($B$8=0,$B$7<0.5)),"Kill: go back to the Idea Scorecard",IF(AND($B$11>=1,$B$8>=0.4,$B$10>=2),"Double down: write your One-Page Offer this week","Pause: change one thing and run 5 more")))
A16: Why the sheet says that | B16: =IF($B$5<5,"Not enough conversations yet.",IF($B$15="Kill: go back to the Idea Scorecard","Few people have it now, and almost nobody pays for a fix today.",IF(LEFT($B$15,6)="Double","The same words repeat, people already spend on bad fixes, and some asked to buy.","Real signs, but not all three: repeated words, people paying today, people asking to buy.")))
A18: YOUR CALL
A19: Your verdict
A20: Why (point to the evidence)
A21: If pause: the one thing you will change (customer, problem or angle)
A22: Your top 3 phrases to use in your offer
