Workbook

Sheet Start here
B2: 127 · GROW TRACK · FREE
B3: Brand Deal Tracker (filled example)
B4: Track every brand you pitch, from first message to paid, with follow-up flags, what each deal is worth and what is still owed to you.
B6: This copy is filled in with a made-up example so you can see what good looks like. Use the blank file for your own business.
B8: HOW TO USE IT
B9: 1. One row per brand. Type who you pitched, where and when.
B10: 2. Update Status as it moves: Pitched, Talking, Agreed, Delivered, Paid, or Passed.
B11: 3. Agreed: type the deliverables, the rate and the due date.
B12: 4. Delivered: type the date you sent the invoice. Paid: type the date the money landed.
B13: 5. Read Follow up?. Pitched with no reply for five days or more: send one short, friendly follow-up.
B14: 6. Read the Summary tab for what you have earned and what is still owed.
B16: CELL COLORS
... B29: Template drafted from Eli Christiansen's frameworks. © 127 Group LLC. For your own business use.

Sheet Deals
A1: Brand deal tracker
A2: One row per brand. Update the status every time it moves.
A3: Brand | B3: Contact (name, email) | C3: Pitched via | D3: Status | E3: Pitched on | F3: Deliverables | G3: Rate ($) | H3: Due | I3: Invoiced on | J3: Paid on | K3: Days since pitch | L3: Follow up?
A4: Brightside Snacks | B4: Ana, partnerships | C4: Email | D4: Paid | E4: =TODAY()-40 | F4: 1 TikTok + 3 stories | G4: 450 | H4: =TODAY()-20 | I4: =TODAY()-18 | J4: =TODAY()-4 | K4: =IF(E4="","",TODAY()-E4) | L4: =IF(D4="Pitched",IF(N(K4)>=5,"Follow up",""),IF(AND(D4="Delivered",I4<>"",TODAY()-I4>=30),"Chase payment",""))
A5: Loop Water | B5: Marcus, creator team | C5: Instagram DM | D5: Agreed | E5: =TODAY()-12 | F5: 1 Reel, usage 30 days | G5: 300 | H5: =TODAY()+9 | K5: =IF(E5="","",TODAY()-E5) | L5: =IF(D5="Pitched",IF(N(K5)>=5,"Follow up",""),IF(AND(D5="Delivered",I5<>"",TODAY()-I5>=30),"Chase payment",""))
A6: Fieldnote Journals | B6: hello@ inbox | C6: Email | D6: Pitched | E6: =TODAY()-7 | K6: =IF(E6="","",TODAY()-E6) | L6: =IF(D6="Pitched",IF(N(K6)>=5,"Follow up",""),IF(AND(D6="Delivered",I6<>"",TODAY()-I6>=30),"Chase payment",""))
A7: Trailmix Co. | B7: Priya | C7: Platform | D7: Pitched | E7: =TODAY()-2 | K7: =IF(E7="","",TODAY()-E7) | L7: =IF(D7="Pitched",IF(N(K7)>=5,"Follow up",""),IF(AND(D7="Delivered",I7<>"",TODAY()-I7>=30),"Chase payment",""))
K8: =IF(E8="","",TODAY()-E8) | L8: =IF(D8="Pitched",IF(N(K8)>=5,"Follow up",""),IF(AND(D8="Delivered",I8<>"",TODAY()-I8>=30),"Chase payment",""))
K9: =IF(E9="","",TODAY()-E9) | L9: =IF(D9="Pitched",IF(N(K9)>=5,"Follow up",""),IF(AND(D9="Delivered",I9<>"",TODAY()-I9>=30),"Chase payment",""))
K10: =IF(E10="","",TODAY()-E10) | L10: =IF(D10="Pitched",IF(N(K10)>=5,"Follow up",""),IF(AND(D10="Delivered",I10<>"",TODAY()-I10>=30),"Chase payment",""))
K11: =IF(E11="","",TODAY()-E11) | L11: =IF(D11="Pitched",IF(N(K11)>=5,"Follow up",""),IF(AND(D11="Delivered",I11<>"",TODAY()-I11>=30),"Chase payment",""))
K12: =IF(E12="","",TODAY()-E12) | L12: =IF(D12="Pitched",IF(N(K12)>=5,"Follow up",""),IF(AND(D12="Delivered",I12<>"",TODAY()-I12>=30),"Chase payment",""))
K13: =IF(E13="","",TODAY()-E13) | L13: =IF(D13="Pitched",IF(N(K13)>=5,"Follow up",""),IF(AND(D13="Delivered",I13<>"",TODAY()-I13>=30),"Chase payment",""))
K14: =IF(E14="","",TODAY()-E14) | L14: =IF(D14="Pitched",IF(N(K14)>=5,"Follow up",""),IF(AND(D14="Delivered",I14<>"",TODAY()-I14>=30),"Chase payment",""))
K15: =IF(E15="","",TODAY()-E15) | L15: =IF(D15="Pitched",IF(N(K15)>=5,"Follow up",""),IF(AND(D15="Delivered",I15<>"",TODAY()-I15>=30),"Chase payment",""))
K16: =IF(E16="","",TODAY()-E16) | L16: =IF(D16="Pitched",IF(N(K16)>=5,"Follow up",""),IF(AND(D16="Delivered",I16<>"",TODAY()-I16>=30),"Chase payment",""))
K17: =IF(E17="","",TODAY()-E17) | L17: =IF(D17="Pitched",IF(N(K17)>=5,"Follow up",""),IF(AND(D17="Delivered",I17<>"",TODAY()-I17>=30),"Chase payment",""))
K18: =IF(E18="","",TODAY()-E18) | L18: =IF(D18="Pitched",IF(N(K18)>=5,"Follow up",""),IF(AND(D18="Delivered",I18<>"",TODAY()-I18>=30),"Chase payment",""))
K19: =IF(E19="","",TODAY()-E19) | L19: =IF(D19="Pitched",IF(N(K19)>=5,"Follow up",""),IF(AND(D19="Delivered",I19<>"",TODAY()-I19>=30),"Chase payment",""))
... K63: =IF(E63="","",TODAY()-E63) | L63: =IF(D63="Pitched",IF(N(K63)>=5,"Follow up",""),IF(AND(D63="Delivered",I63<>"",TODAY()-I63>=30),"Chase payment",""))

Sheet Summary
A1: Deals summary
A2: Calculated from the Deals tab.
A4: YOUR PIPELINE
A5: Brands pitched | B5: =COUNTA('Deals'!$A$4:$A$63)
A6: Waiting for a reply | B6: =COUNTIF('Deals'!$D$4:$D$63,"Pitched")
A7: Follow-ups due today | B7: =COUNTIF('Deals'!$L$4:$L$63,"Follow up")
A8: Agreed, not delivered ($) | B8: =SUMIF('Deals'!$D$4:$D$63,"Agreed",'Deals'!$G$4:$G$63)
A9: Delivered, not paid yet ($) | B9: =SUMIF('Deals'!$D$4:$D$63,"Delivered",'Deals'!$G$4:$G$63)
A10: Paid ($) | B10: =SUMIF('Deals'!$D$4:$D$63,"Paid",'Deals'!$G$4:$G$63)
