Workbook

Sheet Start here
B2: 127 · GROW TRACK · BUILDER
B3: Hook Bank
B4: 42 fill-in-the-blank hooks, 10 caption templates and 10 calls to action, plus a log that shows which hook type works for your audience.
B6: HOW TO USE IT
B7: 1. Browse the Hook bank tab. Filter by type: story, mistake, contrarian, how-to, result, behind the scenes.
B8: 2. In My hooks, write ten hooks for your niche. Put the template number in the # column and the type fills in.
B9: 3. Say each hook out loud. If it sounds like an ad, rewrite it until it sounds like you.
B10: 4. After posting, log views, saves and DMs at 48 hours. The sheet compares each one to your average.
B11: 5. Open Results to see which hook type wins. Use at least two types each week so you have a comparison.
B12: 6. Review your winner in Winners and write three remixes: same winning element, new topic.
B14: CELL COLORS
B15: White cells: you type here.
... B27: Template drafted from Eli Christiansen's frameworks. © 127 Group LLC. For your own business use.

Sheet Hook bank
A1: The hook bank
A2: Fill the blanks with your customer's exact words. Filter the Type column to browse.
A3: # | B3: Type | C3: Hook template (fill the [brackets]) | D3: Works for pillar
A4: 1 | B4: Story | C4: I started [business] with [small amount or resource]. Here's what happened. | D4: You
A5: 2 | B5: Story | C5: A year ago I was [old situation]. Today I'm [new situation]. | D5: You
A6: 3 | B6: Story | C6: The day I almost quit [thing] was the day [turning point]. | D6: You
A7: 4 | B7: Story | C7: My first customer for [offer] came from [unexpected place]. | D7: You
A8: 5 | B8: Story | C8: Nobody believed [thing] would work. Here's what I did anyway. | D8: You
A9: 6 | B9: Story | C9: This is what [number] weeks of building [business] looks like. | D9: You
A10: 7 | B10: Story | C10: I didn't think I was qualified to [goal]. Here's what changed. | D10: You
A11: 8 | B11: Mistake | C11: I wasted [time or money] on [thing] so you don't have to. | D11: Teach or You
A12: 9 | B12: Mistake | C12: The biggest mistake I made starting [business]: [mistake]. | D12: Teach or You
A13: 10 | B13: Mistake | C13: Stop [common action] if you want [result]. | D13: Teach or You
A14: 11 | B14: Mistake | C14: [Number] mistakes I made in my first [timeframe] of [business]. | D14: Teach or You
A15: 12 | B15: Mistake | C15: If you're doing [common habit], you're losing [result]. | D15: Teach or You
... A45: 42 | B45: Behind the scenes | C45: Here's how a [service] session actually goes. | D45: You or Proof

Sheet My hooks
A1: My hooks
A2: Write five hooks for every post and pick the best. Test the runner-up next time.
A3: Your hook, filled in | B3: # from the bank | C3: Type | D3: Pillar | E3: Posted on | F3: Views (48h) | G3: Saves + shares | H3: Comments + DMs | I3: Views vs your average | J3: Keep, remix or drop
C4: =IFERROR(INDEX('Hook bank'!$B$4:$B$45,MATCH(B4,'Hook bank'!$A$4:$A$45,0)),"") | I4: =IF(N(F4)=0,"",F4/AVERAGEIF($F$4:$F$63,">0"))
C5: =IFERROR(INDEX('Hook bank'!$B$4:$B$45,MATCH(B5,'Hook bank'!$A$4:$A$45,0)),"") | I5: =IF(N(F5)=0,"",F5/AVERAGEIF($F$4:$F$63,">0"))
C6: =IFERROR(INDEX('Hook bank'!$B$4:$B$45,MATCH(B6,'Hook bank'!$A$4:$A$45,0)),"") | I6: =IF(N(F6)=0,"",F6/AVERAGEIF($F$4:$F$63,">0"))
C7: =IFERROR(INDEX('Hook bank'!$B$4:$B$45,MATCH(B7,'Hook bank'!$A$4:$A$45,0)),"") | I7: =IF(N(F7)=0,"",F7/AVERAGEIF($F$4:$F$63,">0"))
C8: =IFERROR(INDEX('Hook bank'!$B$4:$B$45,MATCH(B8,'Hook bank'!$A$4:$A$45,0)),"") | I8: =IF(N(F8)=0,"",F8/AVERAGEIF($F$4:$F$63,">0"))
C9: =IFERROR(INDEX('Hook bank'!$B$4:$B$45,MATCH(B9,'Hook bank'!$A$4:$A$45,0)),"") | I9: =IF(N(F9)=0,"",F9/AVERAGEIF($F$4:$F$63,">0"))
C10: =IFERROR(INDEX('Hook bank'!$B$4:$B$45,MATCH(B10,'Hook bank'!$A$4:$A$45,0)),"") | I10: =IF(N(F10)=0,"",F10/AVERAGEIF($F$4:$F$63,">0"))
C11: =IFERROR(INDEX('Hook bank'!$B$4:$B$45,MATCH(B11,'Hook bank'!$A$4:$A$45,0)),"") | I11: =IF(N(F11)=0,"",F11/AVERAGEIF($F$4:$F$63,">0"))
C12: =IFERROR(INDEX('Hook bank'!$B$4:$B$45,MATCH(B12,'Hook bank'!$A$4:$A$45,0)),"") | I12: =IF(N(F12)=0,"",F12/AVERAGEIF($F$4:$F$63,">0"))
C13: =IFERROR(INDEX('Hook bank'!$B$4:$B$45,MATCH(B13,'Hook bank'!$A$4:$A$45,0)),"") | I13: =IF(N(F13)=0,"",F13/AVERAGEIF($F$4:$F$63,">0"))
C14: =IFERROR(INDEX('Hook bank'!$B$4:$B$45,MATCH(B14,'Hook bank'!$A$4:$A$45,0)),"") | I14: =IF(N(F14)=0,"",F14/AVERAGEIF($F$4:$F$63,">0"))
C15: =IFERROR(INDEX('Hook bank'!$B$4:$B$45,MATCH(B15,'Hook bank'!$A$4:$A$45,0)),"") | I15: =IF(N(F15)=0,"",F15/AVERAGEIF($F$4:$F$63,">0"))
... C63: =IFERROR(INDEX('Hook bank'!$B$4:$B$45,MATCH(B63,'Hook bank'!$A$4:$A$45,0)),"") | I63: =IF(N(F63)=0,"",F63/AVERAGEIF($F$4:$F$63,">0"))

Sheet Captions
A1: 10 caption templates
A2: The hook gets the view. The caption gives them a next step.
A3: # | B3: Caption type | C3: Template
A4: 1 | B4: Quick lesson | C4: [Hook restated]. Here's what I learned: [lesson in one sentence]. [CTA]
A5: 2 | B5: Three tips | C5: [Number] things I wish I knew about [topic]: 1) [tip] 2) [tip] 3) [tip] Which one are you trying first?
A6: 3 | B6: Before / after | C6: Before: [situation]. After: [situation]. What changed: [one thing]. [CTA]
A7: 4 | B7: Mistake | C7: I used to [mistake]. It cost me [cost]. Now I [new habit]. Don't repeat my mistake.
A8: 5 | B8: Customer words | C8: '[exact customer quote].' That's why we [what you do]. [CTA]
A9: 6 | B9: Story | C9: [Where you were]. [What happened]. [What you learned]. [Question for the reader]
A10: 7 | B10: Behind the scenes | C10: What you didn't see: [hidden work]. This is why [result] takes [time].
A11: 8 | B11: Question | C11: Honest question for [audience]: [question]? I'll reply to every comment.
A12: 9 | B12: Offer | C12: I help [who] [get result] without [pain]. I'm taking [a real number] [clients / orders] this month. [CTA]
A13: 10 | B13: Myth | C13: Myth: [common belief]. Truth: [what you've seen]. Here's why: [reason].

Sheet CTAs
A1: 10 calls to action
A2: One CTA per post, never three. Comments help reach, saves signal value, DMs start conversations.
A3: # | B3: Call to action
A4: 1 | B4: Comment '[keyword]' and I'll send you [free thing].
A5: 2 | B5: Save this for the next time you [situation].
A6: 3 | B6: Send this to someone who needs to [result].
A7: 4 | B7: Follow for part two.
A8: 5 | B8: DM me '[keyword]' if you want help with [problem].
A9: 6 | B9: Which one are you? Tell me in the comments.
A10: 7 | B10: Link in bio to [book / order / get the free guide].
A11: 8 | B11: Follow if you're building [type of business] too.
A12: 9 | B12: Try this today and tell me how it goes.
A13: 10 | B13: I'm taking [a real number] [clients / orders] this week. DM me to grab a spot.

Sheet Results
A1: Which hook type wins
A2: Run the loop every week: post, wait 48 hours, find the winner, ask why, remix it.
A4: BY HOOK TYPE | B4: Posts | C4: Avg views | D4: Avg comments + DMs
A5: Story | B5: =COUNTIFS('My hooks'!$C$4:$C$63,"Story",'My hooks'!$F$4:$F$63,">0") | C5: =IFERROR(ROUND(AVERAGEIFS('My hooks'!$F$4:$F$63,'My hooks'!$C$4:$C$63,"Story",'My hooks'!$F$4:$F$63,">0"),0),"") | D5: =IFERROR(ROUND(AVERAGEIFS('My hooks'!$H$4:$H$63,'My hooks'!$C$4:$C$63,"Story",'My hooks'!$F$4:$F$63,">0"),0),"")
A6: Mistake | B6: =COUNTIFS('My hooks'!$C$4:$C$63,"Mistake",'My hooks'!$F$4:$F$63,">0") | C6: =IFERROR(ROUND(AVERAGEIFS('My hooks'!$F$4:$F$63,'My hooks'!$C$4:$C$63,"Mistake",'My hooks'!$F$4:$F$63,">0"),0),"") | D6: =IFERROR(ROUND(AVERAGEIFS('My hooks'!$H$4:$H$63,'My hooks'!$C$4:$C$63,"Mistake",'My hooks'!$F$4:$F$63,">0"),0),"")
A7: Contrarian | B7: =COUNTIFS('My hooks'!$C$4:$C$63,"Contrarian",'My hooks'!$F$4:$F$63,">0") | C7: =IFERROR(ROUND(AVERAGEIFS('My hooks'!$F$4:$F$63,'My hooks'!$C$4:$C$63,"Contrarian",'My hooks'!$F$4:$F$63,">0"),0),"") | D7: =IFERROR(ROUND(AVERAGEIFS('My hooks'!$H$4:$H$63,'My hooks'!$C$4:$C$63,"Contrarian",'My hooks'!$F$4:$F$63,">0"),0),"")
A8: How-to | B8: =COUNTIFS('My hooks'!$C$4:$C$63,"How-to",'My hooks'!$F$4:$F$63,">0") | C8: =IFERROR(ROUND(AVERAGEIFS('My hooks'!$F$4:$F$63,'My hooks'!$C$4:$C$63,"How-to",'My hooks'!$F$4:$F$63,">0"),0),"") | D8: =IFERROR(ROUND(AVERAGEIFS('My hooks'!$H$4:$H$63,'My hooks'!$C$4:$C$63,"How-to",'My hooks'!$F$4:$F$63,">0"),0),"")
A9: Result | B9: =COUNTIFS('My hooks'!$C$4:$C$63,"Result",'My hooks'!$F$4:$F$63,">0") | C9: =IFERROR(ROUND(AVERAGEIFS('My hooks'!$F$4:$F$63,'My hooks'!$C$4:$C$63,"Result",'My hooks'!$F$4:$F$63,">0"),0),"") | D9: =IFERROR(ROUND(AVERAGEIFS('My hooks'!$H$4:$H$63,'My hooks'!$C$4:$C$63,"Result",'My hooks'!$F$4:$F$63,">0"),0),"")
A10: Behind the scenes | B10: =COUNTIFS('My hooks'!$C$4:$C$63,"Behind the scenes",'My hooks'!$F$4:$F$63,">0") | C10: =IFERROR(ROUND(AVERAGEIFS('My hooks'!$F$4:$F$63,'My hooks'!$C$4:$C$63,"Behind the scenes",'My hooks'!$F$4:$F$63,">0"),0),"") | D10: =IFERROR(ROUND(AVERAGEIFS('My hooks'!$H$4:$H$63,'My hooks'!$C$4:$C$63,"Behind the scenes",'My hooks'!$F$4:$F$63,">0"),0),"")
A12: YOUR WINNER
A13: Hook type with the best average views | B13: =IF(COUNT($C$5:$C$10)=0,"Log some results first",INDEX($A$5:$A$10,MATCH(MAX($C$5:$C$10),$C$5:$C$10,0)))
A14: Hook type that starts the most conversations | B14: =IF(COUNT($D$5:$D$10)=0,"",INDEX($A$5:$A$10,MATCH(MAX($D$5:$D$10),$D$5:$D$10,0)))
A15: Best single hook so far | B15: =IF(COUNT('My hooks'!$F$4:$F$63)=0,"",INDEX('My hooks'!$A$4:$A$63,MATCH(MAX('My hooks'!$F$4:$F$63),'My hooks'!$F$4:$F$63,0)))

Sheet Winners
A1: Winning post review
A2: When a post beats your average, ask why. Then do more of exactly that until it stops working.
A3: Winning post (link) | B3: Hook type | C3: What it did differently | D3: Why you think it worked | E3: Remix 1: same element, new topic | F3: Remix 2 | G3: Remix 3
