Workbook

Sheet Start here
B2: 127 · BUILD TRACK · BUILDER
B3: Tool Stack Audit (filled example)
B4: List every tool you pay for or log into, give each one job, and cut what you haven't used in two weeks, aiming for $0 to $50 a month.
B6: This copy is filled in with a made-up example so you can see what good looks like. Use the blank file for your own business.
B8: HOW TO USE IT
B9: 1. List every tool you use or pay for, even free ones. Check your app store subscriptions and card statement.
B10: 2. Give each tool its one job. Enter the monthly cost and the last day you used it.
B11: 3. The sheet flags tools you haven't used in 14 days and jobs with two tools.
B12: 4. Mark each one Keep, Cut or Later. Later tools need a trigger: the pain that means you need it.
B13: 5. Open the Summary tab. Every core job should show one tool. Cancel what you cut today.
B14: 6. Rule: don't add a new tool until a task has hurt three times.
B16: CELL COLORS
... B29: Template drafted from Eli Christiansen's frameworks. © 127 Group LLC. For your own business use.

Sheet Stack
A1: Tool Stack Audit
A2: One tool per job. Every new tool is a new login, a new bill and a new place to lose information.
A3: Tool | B3: Its one job | C3: Plan | D3: Monthly cost ($) | E3: Last used | F3: Used in last 14 days? | G3: Another kept tool does this job? | H3: Keep, cut or later | I3: If later: the pain that means you need it | J3: Notes | K3: lookup
A4: Square | B4: Payments | C4: Free | D4: 0 | E4: =DATE(2026,11,8) | F4: =IF(A4="","",IF(ISNUMBER(E4),IF(TODAY()-E4<=14,"Yes","No"),"Not sure")) | G4: =IF(OR(A4="",H4="Cut"),"",IF(COUNTIFS($B$4:$B$43,B4,$H$4:$H$43,"Keep")>1,"Yes: keep one","")) | H4: Keep | J4: Card reader for pop-ups | K4: =B4&"|"&H4
A5: Google Sheets | B5: Customer tracking | C5: Free | D5: 0 | E5: =DATE(2026,11,9) | F5: =IF(A5="","",IF(ISNUMBER(E5),IF(TODAY()-E5<=14,"Yes","No"),"Not sure")) | G5: =IF(OR(A5="",H5="Cut"),"",IF(COUNTIFS($B$4:$B$43,B5,$H$4:$H$43,"Keep")>1,"Yes: keep one","")) | H5: Keep | J5: Pipeline Tracker lives here | K5: =B5&"|"&H5
A6: Attio | B6: Customer tracking | C6: Free | D6: 0 | E6: =DATE(2026,10,12) | F6: =IF(A6="","",IF(ISNUMBER(E6),IF(TODAY()-E6<=14,"Yes","No"),"Not sure")) | G6: =IF(OR(A6="",H6="Cut"),"",IF(COUNTIFS($B$4:$B$43,B6,$H$4:$H$43,"Keep")>1,"Yes: keep one","")) | H6: Later | I6: More than 40 open conversations, or a lead lost 3 times | K6: =B6&"|"&H6
A7: Granola | B7: Meeting notes | C7: Free | D7: 0 | E7: =DATE(2026,11,6) | F7: =IF(A7="","",IF(ISNUMBER(E7),IF(TODAY()-E7<=14,"Yes","No"),"Not sure")) | G7: =IF(OR(A7="",H7="Cut"),"",IF(COUNTIFS($B$4:$B$43,B7,$H$4:$H$43,"Keep")>1,"Yes: keep one","")) | H7: Keep | K7: =B7&"|"&H7
A8: Notion | B8: Docs and planning | C8: Free | D8: 0 | E8: =DATE(2026,11,9) | F8: =IF(A8="","",IF(ISNUMBER(E8),IF(TODAY()-E8<=14,"Yes","No"),"Not sure")) | G8: =IF(OR(A8="",H8="Cut"),"",IF(COUNTIFS($B$4:$B$43,B8,$H$4:$H$43,"Keep")>1,"Yes: keep one","")) | H8: Keep | J8: HQ page | K8: =B8&"|"&H8
A9: Gmail | B9: Email | C9: Free | D9: 0 | E9: =DATE(2026,11,9) | F9: =IF(A9="","",IF(ISNUMBER(E9),IF(TODAY()-E9<=14,"Yes","No"),"Not sure")) | G9: =IF(OR(A9="",H9="Cut"),"",IF(COUNTIFS($B$4:$B$43,B9,$H$4:$H$43,"Keep")>1,"Yes: keep one","")) | H9: Keep | K9: =B9&"|"&H9
A10: Calendly | B10: Booking | C10: Free | D10: 0 | E10: =DATE(2026,11,7) | F10: =IF(A10="","",IF(ISNUMBER(E10),IF(TODAY()-E10<=14,"Yes","No"),"Not sure")) | G10: =IF(OR(A10="",H10="Cut"),"",IF(COUNTIFS($B$4:$B$43,B10,$H$4:$H$43,"Keep")>1,"Yes: keep one","")) | H10: Keep | K10: =B10&"|"&H10
A11: CapCut | B11: Content editing | C11: Free | D11: 0 | E11: =DATE(2026,11,8) | F11: =IF(A11="","",IF(ISNUMBER(E11),IF(TODAY()-E11<=14,"Yes","No"),"Not sure")) | G11: =IF(OR(A11="",H11="Cut"),"",IF(COUNTIFS($B$4:$B$43,B11,$H$4:$H$43,"Keep")>1,"Yes: keep one","")) | H11: Keep | K11: =B11&"|"&H11
A12: Design app (paid plan) | B12: Design | C12: Paid | D12: 12 | E12: =DATE(2026,9,20) | F12: =IF(A12="","",IF(ISNUMBER(E12),IF(TODAY()-E12<=14,"Yes","No"),"Not sure")) | G12: =IF(OR(A12="",H12="Cut"),"",IF(COUNTIFS($B$4:$B$43,B12,$H$4:$H$43,"Keep")>1,"Yes: keep one","")) | H12: Cut | J12: Used once for the logo | K12: =B12&"|"&H12
A13: Second website builder | B13: Online store | C13: Paid | D13: 10 | E13: =DATE(2026,9,28) | F13: =IF(A13="","",IF(ISNUMBER(E13),IF(TODAY()-E13<=14,"Yes","No"),"Not sure")) | G13: =IF(OR(A13="",H13="Cut"),"",IF(COUNTIFS($B$4:$B$43,B13,$H$4:$H$43,"Keep")>1,"Yes: keep one","")) | H13: Cut | J13: Page lives on the other builder now | K13: =B13&"|"&H13
A14: ManyChat | B14: Automation | C14: Free | D14: 0 | E14: =DATE(2026,10,30) | F14: =IF(A14="","",IF(ISNUMBER(E14),IF(TODAY()-E14<=14,"Yes","No"),"Not sure")) | G14: =IF(OR(A14="",H14="Cut"),"",IF(COUNTIFS($B$4:$B$43,B14,$H$4:$H$43,"Keep")>1,"Yes: keep one","")) | H14: Later | I14: Same DM question 5+ times a day | K14: =B14&"|"&H14
A15: Claude | B15: AI assistant | C15: Free | D15: 0 | E15: =DATE(2026,11,9) | F15: =IF(A15="","",IF(ISNUMBER(E15),IF(TODAY()-E15<=14,"Yes","No"),"Not sure")) | G15: =IF(OR(A15="",H15="Cut"),"",IF(COUNTIFS($B$4:$B$43,B15,$H$4:$H$43,"Keep")>1,"Yes: keep one","")) | H15: Keep | K15: =B15&"|"&H15
F16: =IF(A16="","",IF(ISNUMBER(E16),IF(TODAY()-E16<=14,"Yes","No"),"Not sure")) | G16: =IF(OR(A16="",H16="Cut"),"",IF(COUNTIFS($B$4:$B$43,B16,$H$4:$H$43,"Keep")>1,"Yes: keep one","")) | K16: =B16&"|"&H16
F17: =IF(A17="","",IF(ISNUMBER(E17),IF(TODAY()-E17<=14,"Yes","No"),"Not sure")) | G17: =IF(OR(A17="",H17="Cut"),"",IF(COUNTIFS($B$4:$B$43,B17,$H$4:$H$43,"Keep")>1,"Yes: keep one","")) | K17: =B17&"|"&H17
F18: =IF(A18="","",IF(ISNUMBER(E18),IF(TODAY()-E18<=14,"Yes","No"),"Not sure")) | G18: =IF(OR(A18="",H18="Cut"),"",IF(COUNTIFS($B$4:$B$43,B18,$H$4:$H$43,"Keep")>1,"Yes: keep one","")) | K18: =B18&"|"&H18
F19: =IF(A19="","",IF(ISNUMBER(E19),IF(TODAY()-E19<=14,"Yes","No"),"Not sure")) | G19: =IF(OR(A19="",H19="Cut"),"",IF(COUNTIFS($B$4:$B$43,B19,$H$4:$H$43,"Keep")>1,"Yes: keep one","")) | K19: =B19&"|"&H19
F20: =IF(A20="","",IF(ISNUMBER(E20),IF(TODAY()-E20<=14,"Yes","No"),"Not sure")) | G20: =IF(OR(A20="",H20="Cut"),"",IF(COUNTIFS($B$4:$B$43,B20,$H$4:$H$43,"Keep")>1,"Yes: keep one","")) | K20: =B20&"|"&H20
F21: =IF(A21="","",IF(ISNUMBER(E21),IF(TODAY()-E21<=14,"Yes","No"),"Not sure")) | G21: =IF(OR(A21="",H21="Cut"),"",IF(COUNTIFS($B$4:$B$43,B21,$H$4:$H$43,"Keep")>1,"Yes: keep one","")) | K21: =B21&"|"&H21
F22: =IF(A22="","",IF(ISNUMBER(E22),IF(TODAY()-E22<=14,"Yes","No"),"Not sure")) | G22: =IF(OR(A22="",H22="Cut"),"",IF(COUNTIFS($B$4:$B$43,B22,$H$4:$H$43,"Keep")>1,"Yes: keep one","")) | K22: =B22&"|"&H22
F23: =IF(A23="","",IF(ISNUMBER(E23),IF(TODAY()-E23<=14,"Yes","No"),"Not sure")) | G23: =IF(OR(A23="",H23="Cut"),"",IF(COUNTIFS($B$4:$B$43,B23,$H$4:$H$43,"Keep")>1,"Yes: keep one","")) | K23: =B23&"|"&H23
F24: =IF(A24="","",IF(ISNUMBER(E24),IF(TODAY()-E24<=14,"Yes","No"),"Not sure")) | G24: =IF(OR(A24="",H24="Cut"),"",IF(COUNTIFS($B$4:$B$43,B24,$H$4:$H$43,"Keep")>1,"Yes: keep one","")) | K24: =B24&"|"&H24
F25: =IF(A25="","",IF(ISNUMBER(E25),IF(TODAY()-E25<=14,"Yes","No"),"Not sure")) | G25: =IF(OR(A25="",H25="Cut"),"",IF(COUNTIFS($B$4:$B$43,B25,$H$4:$H$43,"Keep")>1,"Yes: keep one","")) | K25: =B25&"|"&H25
F26: =IF(A26="","",IF(ISNUMBER(E26),IF(TODAY()-E26<=14,"Yes","No"),"Not sure")) | G26: =IF(OR(A26="",H26="Cut"),"",IF(COUNTIFS($B$4:$B$43,B26,$H$4:$H$43,"Keep")>1,"Yes: keep one","")) | K26: =B26&"|"&H26
F27: =IF(A27="","",IF(ISNUMBER(E27),IF(TODAY()-E27<=14,"Yes","No"),"Not sure")) | G27: =IF(OR(A27="",H27="Cut"),"",IF(COUNTIFS($B$4:$B$43,B27,$H$4:$H$43,"Keep")>1,"Yes: keep one","")) | K27: =B27&"|"&H27
... F43: =IF(A43="","",IF(ISNUMBER(E43),IF(TODAY()-E43<=14,"Yes","No"),"Not sure")) | G43: =IF(OR(A43="",H43="Cut"),"",IF(COUNTIFS($B$4:$B$43,B43,$H$4:$H$43,"Keep")>1,"Yes: keep one","")) | K43: =B43&"|"&H43

Sheet Summary
A1: Your stack, written down
A2: Six jobs, one tool each, $0 to $50 a month to start.
A4: THE SIX JOBS | B4: Your tool | C4: Status
A5: Payments | B5: =IFERROR(INDEX('Stack'!$A$4:$A$43,MATCH("Payments|Keep",'Stack'!$K$4:$K$43,0)),"") | C5: =IF(COUNTIFS('Stack'!$B$4:$B$43,"Payments",'Stack'!$H$4:$H$43,"Keep")=0,"Pick one",IF(COUNTIFS('Stack'!$B$4:$B$43,"Payments",'Stack'!$H$4:$H$43,"Keep")>1,"Two tools: keep one","Covered"))
A6: Customer tracking | B6: =IFERROR(INDEX('Stack'!$A$4:$A$43,MATCH("Customer tracking|Keep",'Stack'!$K$4:$K$43,0)),"") | C6: =IF(COUNTIFS('Stack'!$B$4:$B$43,"Customer tracking",'Stack'!$H$4:$H$43,"Keep")=0,"Pick one",IF(COUNTIFS('Stack'!$B$4:$B$43,"Customer tracking",'Stack'!$H$4:$H$43,"Keep")>1,"Two tools: keep one","Covered"))
A7: Meeting notes | B7: =IFERROR(INDEX('Stack'!$A$4:$A$43,MATCH("Meeting notes|Keep",'Stack'!$K$4:$K$43,0)),"") | C7: =IF(COUNTIFS('Stack'!$B$4:$B$43,"Meeting notes",'Stack'!$H$4:$H$43,"Keep")=0,"Pick one",IF(COUNTIFS('Stack'!$B$4:$B$43,"Meeting notes",'Stack'!$H$4:$H$43,"Keep")>1,"Two tools: keep one","Covered"))
A8: Docs and planning | B8: =IFERROR(INDEX('Stack'!$A$4:$A$43,MATCH("Docs and planning|Keep",'Stack'!$K$4:$K$43,0)),"") | C8: =IF(COUNTIFS('Stack'!$B$4:$B$43,"Docs and planning",'Stack'!$H$4:$H$43,"Keep")=0,"Pick one",IF(COUNTIFS('Stack'!$B$4:$B$43,"Docs and planning",'Stack'!$H$4:$H$43,"Keep")>1,"Two tools: keep one","Covered"))
A9: Email | B9: =IFERROR(INDEX('Stack'!$A$4:$A$43,MATCH("Email|Keep",'Stack'!$K$4:$K$43,0)),"") | C9: =IF(COUNTIFS('Stack'!$B$4:$B$43,"Email",'Stack'!$H$4:$H$43,"Keep")=0,"Pick one",IF(COUNTIFS('Stack'!$B$4:$B$43,"Email",'Stack'!$H$4:$H$43,"Keep")>1,"Two tools: keep one","Covered"))
A10: Booking | B10: =IFERROR(INDEX('Stack'!$A$4:$A$43,MATCH("Booking|Keep",'Stack'!$K$4:$K$43,0)),"") | C10: =IF(COUNTIFS('Stack'!$B$4:$B$43,"Booking",'Stack'!$H$4:$H$43,"Keep")=0,"Pick one",IF(COUNTIFS('Stack'!$B$4:$B$43,"Booking",'Stack'!$H$4:$H$43,"Keep")>1,"Two tools: keep one","Covered"))
A12: WHAT IT COSTS
A13: Monthly cost of tools you keep ($) | B13: =SUMIF('Stack'!$H$4:$H$43,"Keep",'Stack'!$D$4:$D$43)
A14: Monthly savings from what you cut ($) | B14: =SUMIF('Stack'!$H$4:$H$43,"Cut",'Stack'!$D$4:$D$43)
A15: Savings over a year ($) | B15: =$B$14*12
A16: Tools not used in 14 days | B16: =COUNTIF('Stack'!$F$4:$F$43,"No")
A17: Check | B17: =IF($B$13<=50,"On target: $0 to $50 a month.","Over $50 a month. Cut something or wait until a task has hurt three times.")
