Workbook

Sheet Start here
B2: 127 · BUILD TRACK · BUILDER
B3: Hours Audit (filled example)
B4: List every task from last week with the time it took, tag it only me, repeat or waste, and let the sheet pick your best first handoff.
B6: This copy is filled in with a made-up example so you can see what good looks like. Use the blank file for your own business.
B8: HOW TO USE IT
B9: 1. Open last week's calendar, screen time, texts and notes. List every business task and the hours it took.
B10: 2. Tag each one. Only me: needs your judgment, face or relationships. Repeat: same way every time. Waste: didn't need doing.
B11: 3. For repeat tasks, answer: same steps every time? Fine if done 80% as well?
B12: 4. The sheet scores each repeat task. Highest score = your best first handoff.
B13: 5. Pick who or what runs it: a saved reply, an automation, an AI tool, a freelancer or a friend.
B14: 6. Cut every waste task today. Then write the SOP for your first handoff.
B16: CELL COLORS
... B29: Template drafted from Eli Christiansen's frameworks. © 127 Group LLC. For your own business use.

Sheet Audit
A1: Hours Audit (last week)
A2: Be honest. Twenty minutes answering the same DM five times counts.
A3: Task | B3: Hours last week | C3: How often | D3: Tag | E3: Same steps every time? | F3: Fine if done 80% as well? | G3: Who or what could do it | H3: Handoff score | I3: Rank | J3: Notes
A4: Answering "how much?" and "how long?" DMs | B4: 2 | C4: Daily | D4: Repeat | E4: Yes | F4: Yes | G4: Saved reply or template | H4: =IF(D4<>"Repeat","",IF(C4="Daily",3,IF(C4="Weekly",2,IF(C4="Monthly",1,0)))+IF(E4="Yes",2,0)+IF(F4="Yes",2,0)+MIN(5,N(B4))) | I4: =IF(H4="","",COUNTIF($H$4:$H$43,">"&H4)+1)
A5: Scheduling pickups by text | B5: 1 | C5: Daily | D5: Repeat | E5: Yes | F5: Yes | G5: Automation | H5: =IF(D5<>"Repeat","",IF(C5="Daily",3,IF(C5="Weekly",2,IF(C5="Monthly",1,0)))+IF(E5="Yes",2,0)+IF(F5="Yes",2,0)+MIN(5,N(B5))) | I5: =IF(H5="","",COUNTIF($H$4:$H$43,">"&H5)+1) | J5: Booking link
A6: Cleaning shoes | B6: 6 | C6: Weekly | D6: Only me | G6: Keep doing it | H6: =IF(D6<>"Repeat","",IF(C6="Daily",3,IF(C6="Weekly",2,IF(C6="Monthly",1,0)))+IF(E6="Yes",2,0)+IF(F6="Yes",2,0)+MIN(5,N(B6))) | I6: =IF(H6="","",COUNTIF($H$4:$H$43,">"&H6)+1)
A7: Filming before and afters | B7: 1.5 | C7: Weekly | D7: Only me | G7: Keep doing it | H7: =IF(D7<>"Repeat","",IF(C7="Daily",3,IF(C7="Weekly",2,IF(C7="Monthly",1,0)))+IF(E7="Yes",2,0)+IF(F7="Yes",2,0)+MIN(5,N(B7))) | I7: =IF(H7="","",COUNTIF($H$4:$H$43,">"&H7)+1)
A8: Editing clips in CapCut | B8: 2 | C8: Weekly | D8: Repeat | E8: No | F8: Yes | G8: Freelancer | H8: =IF(D8<>"Repeat","",IF(C8="Daily",3,IF(C8="Weekly",2,IF(C8="Monthly",1,0)))+IF(E8="Yes",2,0)+IF(F8="Yes",2,0)+MIN(5,N(B8))) | I8: =IF(H8="","",COUNTIF($H$4:$H$43,">"&H8)+1) | J8: Later, once the format is set
A9: Writing captions | B9: 1 | C9: Weekly | D9: Repeat | E9: Yes | F9: Yes | G9: AI tool | H9: =IF(D9<>"Repeat","",IF(C9="Daily",3,IF(C9="Weekly",2,IF(C9="Monthly",1,0)))+IF(E9="Yes",2,0)+IF(F9="Yes",2,0)+MIN(5,N(B9))) | I9: =IF(H9="","",COUNTIF($H$4:$H$43,">"&H9)+1) | J9: Claude drafts, I edit
A10: Redesigning the logo | B10: 2 | C10: Once | D10: Waste | G10: Cut it | H10: =IF(D10<>"Repeat","",IF(C10="Daily",3,IF(C10="Weekly",2,IF(C10="Monthly",1,0)))+IF(E10="Yes",2,0)+IF(F10="Yes",2,0)+MIN(5,N(B10))) | I10: =IF(H10="","",COUNTIF($H$4:$H$43,">"&H10)+1)
A11: Sending payment links | B11: 0.5 | C11: Weekly | D11: Repeat | E11: Yes | F11: No | G11: Automation | H11: =IF(D11<>"Repeat","",IF(C11="Daily",3,IF(C11="Weekly",2,IF(C11="Monthly",1,0)))+IF(E11="Yes",2,0)+IF(F11="Yes",2,0)+MIN(5,N(B11))) | I11: =IF(H11="","",COUNTIF($H$4:$H$43,">"&H11)+1)
A12: Scrolling competitor accounts | B12: 1.5 | C12: Daily | D12: Waste | G12: Cut it | H12: =IF(D12<>"Repeat","",IF(C12="Daily",3,IF(C12="Weekly",2,IF(C12="Monthly",1,0)))+IF(E12="Yes",2,0)+IF(F12="Yes",2,0)+MIN(5,N(B12))) | I12: =IF(H12="","",COUNTIF($H$4:$H$43,">"&H12)+1)
H13: =IF(D13<>"Repeat","",IF(C13="Daily",3,IF(C13="Weekly",2,IF(C13="Monthly",1,0)))+IF(E13="Yes",2,0)+IF(F13="Yes",2,0)+MIN(5,N(B13))) | I13: =IF(H13="","",COUNTIF($H$4:$H$43,">"&H13)+1)
H14: =IF(D14<>"Repeat","",IF(C14="Daily",3,IF(C14="Weekly",2,IF(C14="Monthly",1,0)))+IF(E14="Yes",2,0)+IF(F14="Yes",2,0)+MIN(5,N(B14))) | I14: =IF(H14="","",COUNTIF($H$4:$H$43,">"&H14)+1)
H15: =IF(D15<>"Repeat","",IF(C15="Daily",3,IF(C15="Weekly",2,IF(C15="Monthly",1,0)))+IF(E15="Yes",2,0)+IF(F15="Yes",2,0)+MIN(5,N(B15))) | I15: =IF(H15="","",COUNTIF($H$4:$H$43,">"&H15)+1)
H16: =IF(D16<>"Repeat","",IF(C16="Daily",3,IF(C16="Weekly",2,IF(C16="Monthly",1,0)))+IF(E16="Yes",2,0)+IF(F16="Yes",2,0)+MIN(5,N(B16))) | I16: =IF(H16="","",COUNTIF($H$4:$H$43,">"&H16)+1)
H17: =IF(D17<>"Repeat","",IF(C17="Daily",3,IF(C17="Weekly",2,IF(C17="Monthly",1,0)))+IF(E17="Yes",2,0)+IF(F17="Yes",2,0)+MIN(5,N(B17))) | I17: =IF(H17="","",COUNTIF($H$4:$H$43,">"&H17)+1)
H18: =IF(D18<>"Repeat","",IF(C18="Daily",3,IF(C18="Weekly",2,IF(C18="Monthly",1,0)))+IF(E18="Yes",2,0)+IF(F18="Yes",2,0)+MIN(5,N(B18))) | I18: =IF(H18="","",COUNTIF($H$4:$H$43,">"&H18)+1)
H19: =IF(D19<>"Repeat","",IF(C19="Daily",3,IF(C19="Weekly",2,IF(C19="Monthly",1,0)))+IF(E19="Yes",2,0)+IF(F19="Yes",2,0)+MIN(5,N(B19))) | I19: =IF(H19="","",COUNTIF($H$4:$H$43,">"&H19)+1)
H20: =IF(D20<>"Repeat","",IF(C20="Daily",3,IF(C20="Weekly",2,IF(C20="Monthly",1,0)))+IF(E20="Yes",2,0)+IF(F20="Yes",2,0)+MIN(5,N(B20))) | I20: =IF(H20="","",COUNTIF($H$4:$H$43,">"&H20)+1)
H21: =IF(D21<>"Repeat","",IF(C21="Daily",3,IF(C21="Weekly",2,IF(C21="Monthly",1,0)))+IF(E21="Yes",2,0)+IF(F21="Yes",2,0)+MIN(5,N(B21))) | I21: =IF(H21="","",COUNTIF($H$4:$H$43,">"&H21)+1)
H22: =IF(D22<>"Repeat","",IF(C22="Daily",3,IF(C22="Weekly",2,IF(C22="Monthly",1,0)))+IF(E22="Yes",2,0)+IF(F22="Yes",2,0)+MIN(5,N(B22))) | I22: =IF(H22="","",COUNTIF($H$4:$H$43,">"&H22)+1)
H23: =IF(D23<>"Repeat","",IF(C23="Daily",3,IF(C23="Weekly",2,IF(C23="Monthly",1,0)))+IF(E23="Yes",2,0)+IF(F23="Yes",2,0)+MIN(5,N(B23))) | I23: =IF(H23="","",COUNTIF($H$4:$H$43,">"&H23)+1)
H24: =IF(D24<>"Repeat","",IF(C24="Daily",3,IF(C24="Weekly",2,IF(C24="Monthly",1,0)))+IF(E24="Yes",2,0)+IF(F24="Yes",2,0)+MIN(5,N(B24))) | I24: =IF(H24="","",COUNTIF($H$4:$H$43,">"&H24)+1)
... H43: =IF(D43<>"Repeat","",IF(C43="Daily",3,IF(C43="Weekly",2,IF(C43="Monthly",1,0)))+IF(E43="Yes",2,0)+IF(F43="Yes",2,0)+MIN(5,N(B43))) | I43: =IF(H43="","",COUNTIF($H$4:$H$43,">"&H43)+1)

Sheet Summary
A1: Where your week went
A2: Work on the business, not in it.
A4: LAST WEEK
A5: Total hours on the business | B5: =SUM('Audit'!$B$4:$B$43)
A6: Only me | B6: =SUMIF('Audit'!$D$4:$D$43,"Only me",'Audit'!$B$4:$B$43)
A7: Repeat | B7: =SUMIF('Audit'!$D$4:$D$43,"Repeat",'Audit'!$B$4:$B$43)
A8: Waste | B8: =SUMIF('Audit'!$D$4:$D$43,"Waste",'Audit'!$B$4:$B$43)
A9: Share of your week on repeat work | B9: =IF($B$5=0,"",$B$7/$B$5)
A10: Hours you get back by cutting waste | B10: =$B$8
A12: YOUR FIRST HANDOFF
A13: Best first task to hand off | B13: =IF(COUNT('Audit'!$H$4:$H$43)=0,"Tag some tasks as Repeat first",INDEX('Audit'!$A$4:$A$43,MATCH(MAX('Audit'!$H$4:$H$43),'Audit'!$H$4:$H$43,0)))
A14: Hours a week it frees | B14: =IF(COUNT('Audit'!$H$4:$H$43)=0,"",INDEX('Audit'!$B$4:$B$43,MATCH(MAX('Audit'!$H$4:$H$43),'Audit'!$H$4:$H$43,0)))
A15: Who or what will run it | B15: =IF(COUNT('Audit'!$H$4:$H$43)=0,"",INDEX('Audit'!$G$4:$G$43,MATCH(MAX('Audit'!$H$4:$H$43),'Audit'!$H$4:$H$43,0)))
A16: Your pick, and why this one | B16: DM replies. Two hours a week, same answers every time, and a slow reply never loses a customer.
A17: Link to its One-Page SOP
A19: YOUR BIGGEST BOTTLENECK
A20: If one thing disappeared, what would grow fastest? | B20: Scheduling pickups. Every booking takes 4 texts. A booking link fixes it.
