Workbook

Sheet Start here
B2: 127 · GROW TRACK · FREE
B3: Jobs Tracker
B4: Every quote and job in one list, from quote to paid, with follow-up flags, your win rate and the money still owed for finished jobs.
B6: HOW TO USE IT
B7: 1. One row per quote. Type the customer, the job, the price and the date you sent it.
B8: 2. Update Status as it moves: Quoted, Booked, Done, Paid, or Lost.
B9: 3. Read Follow up?. A quote with no answer for three days gets one friendly check-in.
B10: 4. Lost? Write why in one line. After ten, you'll see the pattern.
B11: 5. Read the Summary tab every Friday.
B13: CELL COLORS
B14: White cells: you type here.
B15: Grey cells: calculated for you. Leave them alone.
... B26: Template drafted from Eli Christiansen's frameworks. © 127 Group LLC. For your own business use.

Sheet Jobs
A1: Jobs tracker
A2: One row per quote. Update the status as it moves.
A3: Customer | B3: Area or address | C3: Job | D3: Quote ($) | E3: Status | F3: Quoted on | G3: Job date | H3: Paid on | I3: If lost: why | J3: Follow up?
J4: =IF(AND(E4="Quoted",F4<>"",TODAY()-F4>=3),"Follow up",IF(E4="Done","Get paid",""))
J5: =IF(AND(E5="Quoted",F5<>"",TODAY()-F5>=3),"Follow up",IF(E5="Done","Get paid",""))
J6: =IF(AND(E6="Quoted",F6<>"",TODAY()-F6>=3),"Follow up",IF(E6="Done","Get paid",""))
J7: =IF(AND(E7="Quoted",F7<>"",TODAY()-F7>=3),"Follow up",IF(E7="Done","Get paid",""))
J8: =IF(AND(E8="Quoted",F8<>"",TODAY()-F8>=3),"Follow up",IF(E8="Done","Get paid",""))
J9: =IF(AND(E9="Quoted",F9<>"",TODAY()-F9>=3),"Follow up",IF(E9="Done","Get paid",""))
J10: =IF(AND(E10="Quoted",F10<>"",TODAY()-F10>=3),"Follow up",IF(E10="Done","Get paid",""))
J11: =IF(AND(E11="Quoted",F11<>"",TODAY()-F11>=3),"Follow up",IF(E11="Done","Get paid",""))
J12: =IF(AND(E12="Quoted",F12<>"",TODAY()-F12>=3),"Follow up",IF(E12="Done","Get paid",""))
J13: =IF(AND(E13="Quoted",F13<>"",TODAY()-F13>=3),"Follow up",IF(E13="Done","Get paid",""))
J14: =IF(AND(E14="Quoted",F14<>"",TODAY()-F14>=3),"Follow up",IF(E14="Done","Get paid",""))
J15: =IF(AND(E15="Quoted",F15<>"",TODAY()-F15>=3),"Follow up",IF(E15="Done","Get paid",""))
... J83: =IF(AND(E83="Quoted",F83<>"",TODAY()-F83>=3),"Follow up",IF(E83="Done","Get paid",""))

Sheet Summary
A1: Jobs summary
A2: Calculated from the Jobs tab.
A4: WHERE THINGS STAND
A5: Quotes sent | B5: =COUNTA('Jobs'!$A$4:$A$83)
A6: Quotes to follow up today | B6: =COUNTIF('Jobs'!$J$4:$J$83,"Follow up")
A7: Quotes decided (not still Quoted) | B7: =COUNTA('Jobs'!$E$4:$E$83)-COUNTIF('Jobs'!$E$4:$E$83,"Quoted")
A8: Win rate (booked, done or paid / decided) | B8: =IF($B$7<=0,"",(COUNTIF('Jobs'!$E$4:$E$83,"Booked")+COUNTIF('Jobs'!$E$4:$E$83,"Done")+COUNTIF('Jobs'!$E$4:$E$83,"Paid"))/$B$7)
A9: Booked work ($) | B9: =SUMIF('Jobs'!$E$4:$E$83,"Booked",'Jobs'!$D$4:$D$83)
A10: Done, not paid yet ($) | B10: =SUMIF('Jobs'!$E$4:$E$83,"Done",'Jobs'!$D$4:$D$83)
A11: Paid ($) | B11: =SUMIF('Jobs'!$E$4:$E$83,"Paid",'Jobs'!$D$4:$D$83)
