Workbook

Sheet Start here
B2: 127 · START TRACK · FREE
B3: Idea Scorecard
B4: Score up to eight ideas against Eli's Idea Test in one sitting, see the winner, and use the tie breakers when two ideas are close.
B6: HOW TO USE IT
B7: 1. List up to eight ideas in the Scorecard tab. One sentence each: what you sell and to whom.
B8: 2. Score each question 1 to 5. 1 = no, or no proof. 3 = maybe, some signs. 5 = yes, with proof you can point to.
B9: 3. Write the proof for question 1. No proof means the score can't go above 2. The sheet flags it.
B10: 4. Fill days to first sale and cost to start. They break ties.
B11: 5. Read the Decision tab. If two ideas are within 3 points, use the tie breakers in order.
B12: 6. Write your decision and the insider you'll talk to this week. Then stop scoring and start.
B14: CELL COLORS
B15: White cells: you type here.
... B27: Template drafted from Eli Christiansen's frameworks. © 127 Group LLC. For your own business use.

Sheet Scorecard
A1: Idea Scorecard
A2: Score fast. Your first honest answer is usually right. Grey columns calculate themselves.
A3: # | B3: Idea: what you sell, to whom | C3: Q1 People pay to solve it? (1-5) | D3: Proof for Q1 (a person, post, competitor or price) | E3: Q2 Economics + channels work? (1-5) | F3: Q3 Differentiator you can back up? (1-5) | G3: Q4 Market growing, AI helps not replaces? (1-5) | H3: Q5 Talked to an insider? (1-5) | I3: Q6 Still care in 2 years? (1-5) | J3: Days to first paying customer (guess) | K3: Cost to start ($) | L3: Total (out of 30) | M3: Rank | N3: Check
A4: 1 | L4: =IF(COUNT(C4,E4,F4,G4,H4,I4)=0,"",SUM(C4,E4,F4,G4,H4,I4)) | M4: =IF(L4="","",COUNTIF($L$4:$L$11,">"&L4)+1) | N4: =IF(B4="","",IF(AND(C4>2,LEN(D4)=0),"Add proof for Q1 or score it 2",IF(AND(C4<>"",C4<=2),"Weak on Q1: proof people pay beats everything",IF(COUNT(C4,E4,F4,G4,H4,I4)<6,"Finish scoring",IF(M4=1,"Leading idea","")))))
A5: 2 | L5: =IF(COUNT(C5,E5,F5,G5,H5,I5)=0,"",SUM(C5,E5,F5,G5,H5,I5)) | M5: =IF(L5="","",COUNTIF($L$4:$L$11,">"&L5)+1) | N5: =IF(B5="","",IF(AND(C5>2,LEN(D5)=0),"Add proof for Q1 or score it 2",IF(AND(C5<>"",C5<=2),"Weak on Q1: proof people pay beats everything",IF(COUNT(C5,E5,F5,G5,H5,I5)<6,"Finish scoring",IF(M5=1,"Leading idea","")))))
A6: 3 | L6: =IF(COUNT(C6,E6,F6,G6,H6,I6)=0,"",SUM(C6,E6,F6,G6,H6,I6)) | M6: =IF(L6="","",COUNTIF($L$4:$L$11,">"&L6)+1) | N6: =IF(B6="","",IF(AND(C6>2,LEN(D6)=0),"Add proof for Q1 or score it 2",IF(AND(C6<>"",C6<=2),"Weak on Q1: proof people pay beats everything",IF(COUNT(C6,E6,F6,G6,H6,I6)<6,"Finish scoring",IF(M6=1,"Leading idea","")))))
A7: 4 | L7: =IF(COUNT(C7,E7,F7,G7,H7,I7)=0,"",SUM(C7,E7,F7,G7,H7,I7)) | M7: =IF(L7="","",COUNTIF($L$4:$L$11,">"&L7)+1) | N7: =IF(B7="","",IF(AND(C7>2,LEN(D7)=0),"Add proof for Q1 or score it 2",IF(AND(C7<>"",C7<=2),"Weak on Q1: proof people pay beats everything",IF(COUNT(C7,E7,F7,G7,H7,I7)<6,"Finish scoring",IF(M7=1,"Leading idea","")))))
A8: 5 | L8: =IF(COUNT(C8,E8,F8,G8,H8,I8)=0,"",SUM(C8,E8,F8,G8,H8,I8)) | M8: =IF(L8="","",COUNTIF($L$4:$L$11,">"&L8)+1) | N8: =IF(B8="","",IF(AND(C8>2,LEN(D8)=0),"Add proof for Q1 or score it 2",IF(AND(C8<>"",C8<=2),"Weak on Q1: proof people pay beats everything",IF(COUNT(C8,E8,F8,G8,H8,I8)<6,"Finish scoring",IF(M8=1,"Leading idea","")))))
A9: 6 | L9: =IF(COUNT(C9,E9,F9,G9,H9,I9)=0,"",SUM(C9,E9,F9,G9,H9,I9)) | M9: =IF(L9="","",COUNTIF($L$4:$L$11,">"&L9)+1) | N9: =IF(B9="","",IF(AND(C9>2,LEN(D9)=0),"Add proof for Q1 or score it 2",IF(AND(C9<>"",C9<=2),"Weak on Q1: proof people pay beats everything",IF(COUNT(C9,E9,F9,G9,H9,I9)<6,"Finish scoring",IF(M9=1,"Leading idea","")))))
A10: 7 | L10: =IF(COUNT(C10,E10,F10,G10,H10,I10)=0,"",SUM(C10,E10,F10,G10,H10,I10)) | M10: =IF(L10="","",COUNTIF($L$4:$L$11,">"&L10)+1) | N10: =IF(B10="","",IF(AND(C10>2,LEN(D10)=0),"Add proof for Q1 or score it 2",IF(AND(C10<>"",C10<=2),"Weak on Q1: proof people pay beats everything",IF(COUNT(C10,E10,F10,G10,H10,I10)<6,"Finish scoring",IF(M10=1,"Leading idea","")))))
A11: 8 | L11: =IF(COUNT(C11,E11,F11,G11,H11,I11)=0,"",SUM(C11,E11,F11,G11,H11,I11)) | M11: =IF(L11="","",COUNTIF($L$4:$L$11,">"&L11)+1) | N11: =IF(B11="","",IF(AND(C11>2,LEN(D11)=0),"Add proof for Q1 or score it 2",IF(AND(C11<>"",C11<=2),"Weak on Q1: proof people pay beats everything",IF(COUNT(C11,E11,F11,G11,H11,I11)<6,"Finish scoring",IF(M11=1,"Leading idea","")))))

Sheet Decision
A1: Your decision
A2: The sheet finds the leader. You make the call, then go talk to an insider.
A4: THE LEADER
A5: Leading idea | B5: =IF(COUNT('Scorecard'!$L$4:$L$11)=0,"Score your ideas first",INDEX('Scorecard'!$B$4:$B$11,MATCH(MAX('Scorecard'!$L$4:$L$11),'Scorecard'!$L$4:$L$11,0)))
A6: Its score (out of 30) | B6: =IF(COUNT('Scorecard'!$L$4:$L$11)=0,"",MAX('Scorecard'!$L$4:$L$11))
A7: Runner-up score | B7: =IF(COUNT('Scorecard'!$L$4:$L$11)<2,"",LARGE('Scorecard'!$L$4:$L$11,2))
A8: Close call? | B8: =IF($B$7="","",IF($B$6-$B$7<=3,"Within 3 points. Use the tie breakers below.","Clear winner. Go with it."))
A10: TIE BREAKERS, IN ORDER (STOP AT THE FIRST ONE THAT SEPARATES THEM)
A11: 1. Higher score on Q1 wins. Proof that people pay beats everything. | B11: ="Check Q1 in the Scorecard"
A12: 2. Shortest path to a first paying customer wins. | B12: =IF(COUNT('Scorecard'!$J$4:$J$11)=0,"Fill days to first customer",INDEX('Scorecard'!$B$4:$B$11,MATCH(MIN('Scorecard'!$J$4:$J$11),'Scorecard'!$J$4:$J$11,0)))
A13: 3. Lowest cost to start wins. | B13: =IF(COUNT('Scorecard'!$K$4:$K$11)=0,"Fill cost to start",INDEX('Scorecard'!$B$4:$B$11,MATCH(MIN('Scorecard'!$K$4:$K$11),'Scorecard'!$K$4:$K$11,0)))
A14: 4. The one where you already know an insider wins. | B14: ="Check Q5 in the Scorecard"
A15: 5. Still tied? Flip a coin. If you feel disappointed, pick the other one. | B15: ="Then stop thinking and start."
A17: YOUR OUTPUT
A18: The idea you chose (what you sell, to whom)
A19: Why it won (score, and the tie breaker if you used one)
A20: Proof you have so far
A21: The insider you will talk to this week, and when
